featureType,latitude,longitude,xCoordinate,yCoordinate
0,27.708754,85.329498,9488.207270727022,3081.0728684421238
0,28.383435,82.648299,9190.071544602555,3156.0939727456007
0,28.383435,82.648299,9190.071544602555,3156.0939727456007
0,28.743442,82.475276,9170.832264809736,3196.1249247021287
0,28.735902,82.480861,9171.453288475046,3195.2865149552285
0,28.743442,82.475276,9170.832264809736,3196.1249247021287
0,27.930484,82.330002,9154.678533036373,3105.7281195270216
0,29.20596,81.504777,9062.917699696118,3247.554579783917
0,26.940018,85.270074,9481.599623406097,2995.593325313092
0,28.032423,82.523319,9176.17440267052,3117.0632191542413
0,28.51686,81.778256,9093.327177039946,3170.9301558331517
0,27.389926,86.062309,9569.692136116346,3045.620812369892
0,27.422722,85.033015,9455.239865290663,3049.2675611841278
0,26.978964,85.530644,9510.573685441868,2999.923922926191
0,27.163717,85.06078,9458.327192428947,3020.467519208553
0,26.950221,85.149875,9468.234104418343,2996.727847149646
0,26.92997,85.220003,9476.031982234075,2994.476038690168
0,26.795856,86.296866,9595.773684525317,2979.563242298159
0,26.795856,86.296866,9595.773684525317,2979.563242298159
0,26.795856,86.296866,9595.773684525317,2979.563242298159
0,26.73267,85.924789,9554.400609804188,2972.537279663196
0,26.73267,85.924789,9554.400609804188,2972.537279663196
0,26.73218,85.924969,9554.420624890983,2972.4827941491403
0,26.795856,86.296866,9595.773684525317,2979.563242298159
0,26.795856,86.296866,9595.773684525317,2979.563242298159
0,26.809932,88.009847,9786.248481163835,2981.128422085608
0,28.383435,82.648299,9190.071544602555,3156.0939727456007
0,27.688526,83.305518,9263.150963096969,3078.8236174659573
0,28.046731,82.804809,9207.474662571698,3118.654196164672
0,27.089928,84.800029,9429.333004111451,3012.262556766378
0,29.916806,80.750035,8978.99421837055,3326.597048609495
0,26.993076,84.862585,9436.28891394263,3001.493105730999
0,27.959441,84.895897,9439.993039339017,3108.947991017868
0,27.971136,84.898478,9440.280033444684,3110.248415684976
0,29.716389,80.770278,8981.245137270616,3304.311694996172
0,28.728056,80.915833,8997.430114818366,3194.414079560775
0,28.728056,80.915833,8997.430114818366,3194.414079560775
0,26.826944,86.082778,9571.968185069834,2983.0200701776853
0,26.826944,86.082778,9571.968185069834,2983.0200701776853
0,26.826944,86.082778,9571.968185069834,2983.0200701776853
0,26.835047,86.012157,9564.115488155268,2983.9210826682856
0,26.835047,86.012157,9564.115488155268,2983.9210826682856
0,26.832262,86.013557,9564.271161052571,2983.611404797581
0,26.832262,86.013557,9564.271161052571,2983.611404797581
0,26.832262,86.013557,9564.271161052571,2983.611404797581
0,26.832262,86.013557,9564.271161052571,2983.611404797581
0,26.832262,86.013557,9564.271161052571,2983.611404797581
0,26.832262,86.013557,9564.271161052571,2983.611404797581
0,27.227503,86.822034,9654.169701761386,3027.5601987995024
0,26.933054,85.280007,9482.704122612457,2994.8189638439394
0,26.877542,85.2892,9483.726337573098,2988.6463110760465
0,28.172733,85.313622,9486.441940071612,3132.6649793117394
0,28.050273,84.976115,9448.912873964586,3119.048048594847
0,27.519453,85.938401,9555.914195145671,3060.0235576333816
0,27.922414,85.259832,9480.460764967402,3104.830776469
0,26.98394,84.958433,9446.946725271657,3000.477228881174
0,29.916806,80.750035,8978.99421837055,3326.597048609495
0,27.219085,86.796213,9651.298537560497,3026.624159907009
0,26.575114,86.754323,9646.640582083355,2955.017851800786
0,26.590967,86.677702,9638.120715608922,2956.780624972882
0,27.264074,87.24193,9700.860006679728,3031.626708461821
0,27.264074,87.24193,9700.860006679728,3031.626708461821
0,26.461968,87.491294,9728.588018367522,2942.4365906306607
0,26.840112,86.219904,9587.215900580895,2984.4842849717406
0,26.876623,85.809504,9541.58150268597,2988.54412293846
0,27.173588,84.856793,9435.644872927503,3021.565124329461
0,26.469799,87.159869,9691.73523980435,2943.307358101214
0,27.061411,85.072936,9459.67887795724,3009.091611043255
0,27.117016,85.741699,9534.041930684834,3015.2746049393254
0,26.666619,87.28324,9705.453469099417,2965.192743563396
0,26.876623,85.809504,9541.58150268597,2988.54412293846
0,26.63982,87.894245,9773.394125253872,2962.2128307242488
0,26.609881,86.480119,9616.15048841771,2958.883765815437
0,27.648642,84.132959,9355.158204394667,3074.3887190116657
0,26.931094,85.204176,9474.272100130072,2994.601021787716
0,26.540301,86.748377,9645.979417049526,2951.146822819509
0,26.540301,86.748377,9645.979417049526,2951.146822819509
0,26.58287,86.816839,9653.592044117466,2955.880279651841
0,27.668969,85.319822,9487.13134861681,3076.6489782855697
0,27.109899,85.040117,9456.029571659692,3014.483230646396
0,27.20364,87.815672,9764.65720628263,3024.906754264984
0,26.573828,86.677085,9638.052108339183,2954.874855125121
0,26.862783,85.556331,9513.429949522588,2987.0051851537
0,26.950057,85.059899,9458.229229698576,2996.709611181677
0,26.617262,86.701389,9640.754589836351,2959.7044955690008
0,27.17711,87.051132,9679.6442370658,3021.9567528611037
0,27.708754,85.329496,9488.207048337168,3081.0728684421238
0,27.708754,85.329496,9488.207048337168,3081.0728684421238
0,27.757836,84.473606,9393.036422571358,3086.530537831692
0,26.899778,85.883249,9549.781572551374,2991.118841464915
0,27.033394,85.000018,9451.570766296172,3005.9762627834543
0,26.876623,85.809504,9541.58150268597,2988.54412293846
0,27.708754,85.329498,9488.207270727022,3081.0728684421238
0,27.657792,82.963014,9225.0662559415,3075.4061525904635
0,27.117008,85.741687,9534.040596345716,3015.273715379912
0,26.617262,86.701389,9640.754589836351,2959.7044955690008
0,28.496883,82.520922,9175.907868431354,3168.708814783573
0,26.617262,86.701389,9640.754589836351,2959.7044955690008
0,26.617262,86.701389,9640.754589836351,2959.7044955690008
0,26.617262,86.701389,9640.754589836351,2959.7044955690008
0,27.708754,85.329498,9488.207270727022,3081.0728684421238
0,27.708754,85.329498,9488.207270727022,3081.0728684421238
0,27.708754,85.329498,9488.207270727022,3081.0728684421238
0,27.708754,85.329498,9488.207270727022,3081.0728684421238
0,27.708754,85.329498,9488.207270727022,3081.0728684421238
0,27.708754,85.329498,9488.207270727022,3081.0728684421238
0,27.708754,85.329498,9488.207270727022,3081.0728684421238
0,27.708754,85.329498,9488.207270727022,3081.0728684421238
0,27.708754,85.329498,9488.207270727022,3081.0728684421238
0,27.708754,85.329498,9488.207270727022,3081.0728684421238
0,27.708754,85.329496,9488.207048337168,3081.0728684421238
0,27.742222,85.332299,9488.518727716551,3084.794340247064
0,27.708754,85.329496,9488.207048337168,3081.0728684421238
0,27.708754,85.329496,9488.207048337168,3081.0728684421238
0,27.844134,84.809994,9430.441061555466,3096.126437611264
0,27.286093,87.009635,9675.02998119483,3034.0751095516075
0,26.96203,85.56121,9513.972469569686,2998.040948038392
0,26.716667,86.483333,9616.507868911944,2970.757827252103
0,27.71674,85.325902,9487.807413770808,3081.960871126307
0,27.493003,85.824033,9543.197053775188,3057.0824518236336
0,28.518126,81.11616,9019.70546088829,3171.070928610283
0,26.750178,85.866705,9547.941963684963,2974.4840804388887
0,27.684046,85.790139,9539.428212931496,3078.3254641945896
0,29.212673,81.2187,9031.107388666422,3248.3010313264813
0,27.524638,83.686091,9305.468749914868,3060.6001033280336
0,29.88121,80.76578,8980.744982490569,3322.638954000655
0,28.232186,81.333458,9043.867896058297,3139.275851285538
0,29.14176,81.248374,9034.406986919674,3240.415865493336
0,27.651189,83.890171,9328.161410544488,3074.671932489829
0,27.466709,83.786174,9316.597471758234,3054.158692422441
0,28.630959,81.702524,9084.9061628553,3183.617385768369
0,26.610083,86.229726,9588.3080571504,2958.906227190619
0,29.72954,80.767782,8980.967594733711,3305.7740194764747
0,27.04477,84.867372,9436.821204056478,3007.241216268963
0,27.04477,84.867372,9436.821204056478,3007.241216268963
0,27.04477,84.867372,9436.821204056478,3007.241216268963
0,27.04477,84.867372,9436.821204056478,3007.241216268963
0,28.33898,83.142181,9244.988717363623,3151.150802281617
0,28.484326,80.929175,8998.913677529656,3167.312540089697
0,28.86515,82.171363,9137.038681068409,3209.6582368341847
0,27.5504,83.050023,9234.741215313916,3063.4647070282517
0,27.5504,83.050023,9234.741215313916,3063.4647070282517
0,27.588721,83.096013,9239.8550699903,3067.725807812197
0,27.822976,85.596029,9517.844165720522,3093.7737753533183
0,27.511845,86.068253,9570.353078760323,3059.17758663147
0,27.454665,84.966835,9447.880985045324,3052.819460725934
0,26.453406,87.278482,9704.92440363844,2941.4845396687297
0,27.86679,83.550091,9290.346239891209,3098.645669869323
0,26.453406,87.278482,9704.92440363844,2941.4845396687297
0,26.453406,87.278482,9704.92440363844,2941.4845396687297
0,27.58,83.65,9301.45561381734,3066.7560768569297
0,27.477612,83.471539,9281.611656013423,3055.371050707646
0,27.027362,84.841748,9433.971945256137,3005.305534985934
0,27.562939,82.876664,9215.464574025744,3064.858980213447
0,26.453406,87.278482,9704.92440363844,2941.4845396687297
0,28.150898,81.765099,9091.864185390084,3130.2370380884554
0,27.1348,84.970376,9448.274726280575,3017.252095514772
0,28.150898,81.765099,9091.864185390084,3130.2370380884554
0,27.237575,85.152416,9468.51665072695,3028.680154100666
0,27.970028,83.14344,9245.12871177627,3110.1252117062536
0,26.61635,86.702071,9640.830424776324,2959.6030857959013
0,27.626424,83.378939,9271.315005806138,3071.918190131477
0,27.134057,85.065015,9458.798102943289,3017.1694776842755
0,27.134059,85.065017,9458.798325333142,3017.1697000741287
0,26.672485,87.37611,9715.780141936895,2965.8450130030933
0,27.927511,83.533877,9288.543325350593,3105.397537010107
0,28.517454,81.773904,9092.843256719189,3170.996205619578
0,27.988744,82.301773,9151.539611452125,3112.2063359533336
0,27.134111,85.064907,9458.78609389121,3017.1754822103144
0,27.134111,85.064907,9458.78609389121,3017.1754822103144
0,26.627293,87.182473,9694.248689926222,2960.8198918781727
0,26.995548,85.046728,9456.76468131974,3001.7679795896643
0,28.01,81.71,9085.737456126892,3114.56989531409
0,27.655162,83.003611,9229.580436378488,3075.113709933388
0,28.232395,81.33322,9043.841431665758,3139.299091025207
0,27.527758,84.355559,9379.910195065746,3060.9470314991645
0,27.66897,85.319824,9487.13157100666,3076.6490894804965
0,28.476394,84.689749,9417.070427601093,3166.4305419315524
0,26.752414,85.326545,9487.87891210864,2974.7327122948664
0,27.661324,83.03775,9233.376519979209,3075.798893071372
0,26.766451,85.301779,9485.12505855536,2976.293555480176
0,28.091574,84.537946,9400.190704151668,3123.6405102601934
0,27.614192,87.14229,9689.780544188863,3070.5580537887604
0,27.982927,83.036138,9233.197273757456,3111.559515065042
0,28.056065,81.628014,9076.621028871014,3119.692089609972
0,28.210638,84.742003,9422.880807297975,3136.879823006201
0,27.682084,85.248921,9479.247517122782,3078.107299748513
0,27.970478,84.81031,9430.476199152286,3110.175249423244
0,27.480064,83.465689,9280.961165692554,3055.6437006677797
0,27.645822,83.011439,9230.450870264262,3074.075149318528
0,28.077048,84.085439,9349.874221480515,3122.025292755755
0,28.16527,83.932081,9332.82158992016,3131.8351315741907
0,27.729986,85.710132,9530.531840435446,3083.433759124641
0,26.823677,86.444011,9612.135462006428,2982.656796352337
0,27.938885,84.405448,9385.457598761115,3106.662268105762
0,27.244489,86.440379,9611.731602032854,3029.448955823488
0,27.612917,87.140313,9689.560711818887,3070.416280257289
0,27.544037,83.273318,9259.570486459012,3062.757173710012
0,28.703241,80.585625,8960.712660480918,3191.6547774560904
0,28.476394,84.689749,9417.070427601093,3166.4305419315524
1,26.94,87.2,9696.197603405522,2995.591323804412
1,28.577611,81.625428,9076.33347879071,3177.685358821735
1,27.099963,85.481648,9505.12557881599,3013.378397855256
1,27.795553,85.381001,9493.934143033995,3090.7244768799446
1,28.388533,84.00859,9341.32900256281,3156.6608444816347
1,26.979786,87.474891,9726.764087985772,3000.0153251558927
1,28.836253,80.32083,8931.268799880072,3206.445037038937
1,28.280643,83.598294,9295.706168940254,3144.6640238459536
1,28.244593,81.521302,9064.75519585892,3140.655446740417
1,28.150898,81.765099,9091.864185390084,3130.2370380884554
1,27.134066,85.065024,9458.799103697627,3017.170478438615
1,27.551445,83.797314,9317.836183241056,3063.5809057265947
1,27.721846,82.880109,9215.847640548032,3082.528632421754
1,28.403789,82.472576,9170.532038507796,3158.357234282524
1,27.653348,82.993155,9228.417782225491,3074.9120023364558
1,27.653348,82.993155,9228.417782225491,3074.9120023364558
1,27.614192,87.14229,9689.780544188863,3070.5580537887604
1,26.581065,87.325775,9710.18314530424,2955.6795728092475
1,27.649514,82.866163,9214.296916101048,3074.4856809877
1,27.685994,83.145563,9245.364778605535,3078.5420719116933
1,26.671957,87.667709,9748.204471351522,2965.786302081825
1,29.088706,80.483545,8949.361882369043,3234.516529855136
1,27.189105,87.022444,9676.45427701022,3023.290536006205
1,26.964309,85.555528,9513.340659996493,2998.294361276215
1,27.836156,85.574489,9515.449027000595,3095.2393244864934
1,28.683306,80.622346,8964.795849382233,3189.438106593432
1,27.666111,85.418889,9498.147096414705,3076.3311831852197
1,27.709914,84.394263,9384.213883506596,3081.2018545570318
1,27.945495,83.673413,9304.059020634866,3107.397266570883
1,27.836951,85.245928,9478.914710707337,3095.327724453176
1,26.663979,87.275163,9704.555347676907,2964.899188957055
1,27.227501,86.821086,9654.064288970923,3027.5599764096496
1,27.668969,85.319822,9487.13134861681,3076.6489782855697
1,27.745636,83.950022,9334.816538099092,3085.173959726628
1,27.541967,85.334297,9488.740895179988,3062.5270002118573
1,28.341564,83.545694,9289.85731579875,3151.438129972067
1,26.67064,87.666957,9748.120852766684,2965.639858363434
1,27.642012,84.120582,9353.781944787586,3073.6514966480127
1,28.220998,83.677781,9304.544720074451,3138.031802446239
1,26.540563,86.748517,9645.994984339255,2951.175955890289
1,27.615736,84.014912,9342.031976889057,3070.7297387555
1,27.87915,83.91983,9331.45934087384,3100.020039162649
1,27.633276,85.329992,9488.262201020783,3072.680097768845
1,27.171811,87.046981,9679.1826669253,3021.3675309448145
1,27.698891,84.430396,9388.231689791046,3079.976152880628
1,26.663701,87.637301,9744.823256022111,2964.8682767674472
1,26.876623,85.809504,9541.58150268597,2988.54412293846
1,26.813025,87.28149,9705.258877977789,2981.47234799372
1,26.671709,88.065645,9792.452935680752,2965.758725740017
1,26.909716,86.511717,9619.664025709826,2992.223896645909
1,26.664638,87.271781,9704.179286434995,2964.9724664137134
1,27.644614,84.123831,9354.143217104254,3073.9408258471417
1,27.708754,85.329498,9488.207270727022,3081.0728684421238
1,26.639741,86.185347,9583.37333750084,2962.204046325044
1,27.749686,85.331713,9488.453567489538,3085.6242991795384
1,27.66897,85.319824,9487.13157100666,3076.6490894804965
1,27.643148,83.890632,9328.212671405672,3073.7778140846804
1,27.454066,85.725693,9532.262144688964,3052.752854964874
1,26.871335,86.041873,9567.419756595438,2987.956124166364
1,26.790775,86.698893,9640.477047299446,2978.9982608758783
1,27.88852,85.205689,9474.440338054086,3101.061935625309
1,28.019587,84.431386,9388.341772768425,3115.635921075832
1,27.676503,85.374334,9493.192806458055,3077.48672086291
1,28.093397,82.276281,9148.705030382102,3123.8432186114665
1,28.280589,82.665966,9192.036025371586,3144.6580193199147
1,26.47963,87.629699,9743.977952189762,2944.4005154250567
1,26.73267,85.924789,9554.400609804188,2972.537279663196
1,28.351056,83.830085,9321.480152182125,3152.493592215777
1,27.355356,86.13447,9577.716073217944,3041.77680375579
1,27.654188,82.993161,9228.418449395052,3075.0054060748366
1,28.380187,82.651875,9190.46917766024,3155.73281162386
1,28.127792,82.295008,9150.787377773377,3127.667768113406
1,26.649899,85.797084,9540.200461697044,2963.333564389899
1,27.04477,84.867372,9436.821204056478,3007.241216268963
1,28.276549,84.354205,9379.759637135068,3144.2087918162706
1,27.66061,84.036568,9344.440014220472,3075.7194998937475
1,29.508457,82.115092,9130.781631351192,3281.190711509116
1,28.974233,80.178574,8915.450654395323,3221.787713017353
1,26.63805,87.589144,9739.468441939693,2962.016015704088
1,28.383435,82.648299,9190.071544602555,3156.0939727456007
1,28.262215,84.016742,9342.235463604817,3142.614923737748
1,28.795881,80.621029,8964.649405663842,3201.9558754604427
1,27.708754,85.329498,9488.207270727022,3081.0728684421238
1,28.048333,84.237222,9366.75172103141,3118.832330437156
1,27.206095,87.010365,9675.111153491282,3025.1797378098963
1,28.682456,80.362065,8935.85392268026,3189.3435909057835
1,27.708754,85.329496,9488.207048337168,3081.0728684421238
1,27.708754,85.329498,9488.207270727022,3081.0728684421238
1,28.675656,80.957402,9002.052376724054,3188.5874654046006
1,28.682456,80.362065,8935.85392268026,3189.3435909057835
1,27.428879,83.742303,9311.719239131413,3049.9521883474777
1,26.950464,88.093091,9795.504791637435,2996.754867516821
1,26.646512,87.894587,9773.432153918786,2962.9569471733544
1,26.778712,86.122347,9576.368057122234,2977.656916475765
1,28.332606,83.571173,9292.690451334727,3150.4420458191844
1,27.687361,83.432338,9277.25270369403,3078.694075376416
1,28.049155,82.312629,9152.74674357578,3118.9237326668576
1,27.708754,85.329498,9488.207270727022,3081.0728684421238
1,27.134111,85.064907,9458.78609389121,3017.1754822103144
1,27.692982,85.411499,9497.3253659068,3079.3191020590857
1,27.990489,85.183573,9471.981151056414,3112.4003711003284
1,27.342725,87.101679,9685.264807022902,3040.3723006373425
1,28.26809,83.972379,9337.302523074086,3143.2681939317845
1,26.730808,85.925307,9554.45820877619,2972.330234709784
1,28.196107,82.59948,9184.643119478696,3135.2640495271294
1,27.256882,85.971322,9559.57484332574,3030.826994549393
1,28.194805,82.966286,9225.43008574148,3135.119273732638
1,27.725245,85.087766,9461.32789871938,3082.906583977419
1,27.750477,83.461906,9280.540515285056,3085.7122543665146
1,27.683483,84.433297,9388.55426627324,3078.2628614508885
1,27.841243,82.732851,9199.473298040208,3095.804973078334
1,28.200067,81.682968,9082.73163486984,3135.7043814366416
1,27.65345,83.127486,9243.354707916584,3074.923344218973
2,27.150813,87.408046,9719.331263114216,3019.032659875132
2,26.792048,86.699179,9640.508849048469,2979.1398120174968
2,27.378754,87.207576,9697.040016169782,3044.378542649419
2,26.791667,86.698889,9640.47660251974,2979.097446750445
2,27.315096,87.199328,9696.122880414816,3037.30009600908
2,26.947355,86.522902,9620.907740964343,2996.409162489884
2,26.909102,85.988017,9561.43124262607,2992.1556229609487
2,27.010334,87.30116,9707.446082184884,3003.4121077750306
2,26.727464,86.481412,9616.294263457865,2971.9583988750846
2,26.730191,86.479191,9616.047299525784,2972.2616274400443
2,26.729714,86.479436,9616.074542282811,2972.208587460035
2,26.729714,86.479436,9616.074542282811,2972.208587460035
2,26.562225,86.744069,9645.50038930554,2953.584660391264
2,26.780733,85.20387,9474.23807448252,2977.881641422513
2,26.828378,86.24771,9590.307786711172,2983.179523702493
2,26.7167,86.483103,9616.482294078818,2970.7614966846822
2,27.088208,85.723702,9532.040755590013,3012.071301492549
2,26.543418,86.747736,9645.908141101549,2951.49341740586
2,26.540556,86.748611,9646.00543666236,2951.175177525803
2,26.546083,86.747355,9645.865775834494,2951.789751885368
2,26.540524,86.7486,9646.004213518168,2951.171619288151
2,26.540577,86.748539,9645.997430627642,2951.177512619263
2,26.542189,86.756705,9646.905448398622,2951.3567588410137
2,26.538378,86.747969,9645.934049519454,2950.9329949755715
2,26.687222,85.858333,9547.011039759096,2967.483692637054
2,26.729714,86.479436,9616.074542282811,2972.208587460035
2,26.540577,86.748657,9646.010551628986,2951.177512619263
2,27.178284,84.72235,9420.695493404632,3022.087295704984
2,27.510709,87.193078,9695.427912123288,3059.051269194801
2,27.046667,84.806389,9430.040203844912,3007.452153044808
2,27.046667,84.806389,9430.040203844912,3007.452153044808
2,26.616702,86.702008,9640.823419495944,2959.64222641008
2,26.766667,85.366667,9492.340274955472,2976.3175735843315
2,26.990062,85.892496,9550.809792038051,3001.157964222092
2,27.043445,85.869484,9548.25097438611,3007.093882991159
2,27.01362,84.879519,9438.17188883043,3003.777494303985
2,27.013207,84.874577,9437.622363502953,3003.7315707992807
2,27.158557,85.339165,9489.282192082894,3019.893753387067
2,27.164389,85.351996,9490.70893418667,3020.542242199258
2,27.161983,85.350748,9490.57016291822,3020.2747072057514
2,26.807912,86.427233,9610.269833527189,2980.903808333786
2,26.905632,86.041463,9567.374166675514,2991.769776565492
2,27.168132,85.375625,9493.336359108354,3020.958444809689
2,27.1,85.5,9507.166228109772,3013.382512067542
2,26.800556,85.209167,9474.827074008954,2980.0858584533885
2,26.664871,87.613701,9742.199055753304,2964.9983748316217
2,26.78421,86.725529,9643.43883536555,2978.268266182457
2,27.627741,85.533889,9510.93451297883,3072.064633849868
2,26.642937,87.371148,9715.228392710886,2962.5594253106
2,28.056065,81.628014,9076.621028871014,3119.692089609972
2,28.056065,81.628017,9076.621362455797,3119.692089609972
2,28.056065,81.628014,9076.621028871014,3119.692089609972
2,28.056065,81.628014,9076.621028871014,3119.692089609972
2,28.056065,81.628014,9076.621028871014,3119.692089609972
2,28.056065,81.628014,9076.621028871014,3119.692089609972
2,28.056065,81.628014,9076.621028871014,3119.692089609972
2,28.056065,81.628014,9076.621028871014,3119.692089609972
2,28.056065,81.628014,9076.621028871014,3119.692089609972
2,28.056065,81.628014,9076.621028871014,3119.692089609972
2,28.056065,81.628014,9076.621028871014,3119.692089609972
2,28.056065,81.628014,9076.621028871014,3119.692089609972
2,29.149662,81.617534,9075.455706039778,3241.294527803681
2,28.056065,81.628014,9076.621028871014,3119.692089609972
2,28.056065,81.628014,9076.621028871014,3119.692089609972
2,28.056065,81.628014,9076.621028871014,3119.692089609972
2,28.056065,81.628014,9076.621028871014,3119.692089609972
2,28.056065,81.628014,9076.621028871014,3119.692089609972
2,28.056065,81.628017,9076.621362455797,3119.692089609972
2,28.056065,81.628014,9076.621028871014,3119.692089609972
2,28.2,82.09,9127.991528251829,3135.696931376556
2,28.099949,82.865991,9214.277790573664,3124.5717677708417
2,28.109261,81.788639,9094.481713963296,3125.607214927756
2,28.064,82.596119,9184.269393330243,3120.5744213528965
2,28.127792,82.295008,9150.787377773377,3127.667768113406
2,28.127792,82.295008,9150.787377773377,3127.667768113406
2,28.056065,81.628014,9076.621028871014,3119.692089609972
2,28.127792,82.295008,9150.787377773377,3127.667768113406
2,28.3,82.633333,9188.407401330394,3146.8164240410124
2,28.549899,81.639919,9077.944804472718,3174.603925014561
2,28.709268,82.486105,9172.03639467037,3192.324949278978
2,27.733333,82.75,9201.380179837235,3083.8059285441195
2,28.146057,81.778702,9093.376769977229,3129.6987434485686
2,28.150898,81.765099,9091.864185390084,3130.2370380884554
2,28.150898,81.765099,9091.864185390084,3130.2370380884554
2,28.150898,81.765099,9091.864185390084,3130.2370380884554
2,28.16527,83.932081,9332.82158992016,3131.8351315741907
2,28.596279,81.626688,9076.473584398283,3179.7611457123357
2,27.988744,82.301773,9151.539611452125,3112.2063359533336
2,27.988744,82.301773,9151.539611452125,3112.2063359533336
2,29.053853,83.079087,9237.972984661914,3230.641053076793
2,28.932032,82.900035,9218.063310656353,3217.095175918026
2,28.549899,81.639919,9077.944804472718,3174.603925014561
2,28.601292,81.613947,9075.056849837903,3180.3185658796046
2,28.045,82.487778,9172.222423782649,3118.46171774665
2,28.045,82.487778,9172.222423782649,3118.46171774665
2,28.05047,82.488041,9172.251668048351,3119.069953995396
2,28.044232,82.486079,9172.033503602275,3118.376320042987
2,28.232395,81.33322,9043.841431665758,3139.299091025207
2,28.232186,81.333458,9043.867896058297,3139.275851285538
2,30.008967,81.952846,9112.740699282818,3336.8448842439834
2,29.275445,82.132512,9132.71864697334,3255.280959261814
2,28.739647,82.203988,9140.666415550186,3195.7029399555126
2,28.739647,82.203988,9140.666415550186,3195.7029399555126
2,29.016492,82.388578,9161.191887059504,3226.4866994224253
2,27.876714,82.572765,9181.672547013388,3099.7491683213434
2,28.361696,82.488843,9172.340846379522,3153.6767062352747
2,28.127792,82.295008,9150.787377773377,3127.667768113406
2,28.272746,82.770043,9203.608859751974,3143.7859175102417
2,27.366565,87.656869,9746.999118346695,3043.0231876885487
2,26.666209,87.274803,9704.515317503316,2965.147153643472
2,26.672062,87.255183,9702.333673042547,2965.7979775491226
2,26.641572,87.887375,9772.630216107826,2962.40764423573
2,26.913864,86.317392,9598.05607158962,2992.6851332016304
2,26.761963,87.403587,9718.835444936309,2975.7945126493955
2,26.761963,87.403587,9718.835444936309,2975.7945126493955
2,26.761211,87.403712,9718.849344302138,2975.7108940645585
2,27.437603,87.112356,9686.452035254686,3050.9222528875243
2,27.198095,87.50365,9729.961942881142,3024.2901783967395
2,27.25269,86.671418,9637.421966689888,3030.3608654168997
2,27.252994,86.672775,9637.572858205343,3030.3946686745994
2,26.646905,88.154758,9802.361849178827,2963.0006467795256
2,26.666494,87.283403,9705.471593872458,2965.178844197565
2,26.544013,87.339819,9711.74476685404,2951.559578387213
2,26.893126,87.436277,9722.470407088318,2990.379172812875
2,26.63805,87.589144,9739.468441939693,2962.016015704088
2,26.63805,87.589144,9739.468441939693,2962.016015704088
2,27.144653,87.763458,9758.85127438281,3018.3476991270013
2,27.500556,87.203333,9696.568216096028,3057.92230710458
2,27.096917,87.656275,9746.933068560267,3013.0396981086965
2,26.90077,86.701958,9640.817859749612,2991.2291468321464
2,27.341673,87.101923,9685.291938585004,3040.255323574512
2,27.297952,87.073358,9682.115655505402,3035.3937701866853
2,27.343274,87.092391,9684.232028544227,3040.43334665207
2,27.790973,86.661108,9636.27554699618,3090.2152041159125
2,26.668155,87.385323,9716.804580796072,2965.363538970722
2,26.94221,88.036309,9789.190921312706,2995.8370645922964
2,26.655876,88.126225,9799.18912433688,2963.998176466453
2,26.910397,87.927529,9777.095137192313,2992.2996203909534
2,26.562788,87.718984,9753.905991215222,2953.647263134965
2,26.95,87.26,9702.869299004196,2996.703273070858
2,26.928336,86.529161,9621.603710010211,2994.2943461800305
2,26.544229,88.093898,9795.59452594324,2951.583596491369
2,27.37663,87.663141,9747.696532926608,3044.142364625226
2,27.614192,87.14229,9689.780544188863,3070.5580537887604
2,26.452534,87.271615,9704.160828077172,2941.387577692696
2,26.454349,87.279685,9705.058171135192,2941.589396484556
2,26.629301,87.982487,9783.206187970844,2961.0431712908744
2,26.638654,87.989131,9783.944967063468,2962.083177439781
2,26.638654,87.989131,9783.944967063468,2962.083177439781
2,26.607709,86.715737,9642.350014643847,2958.642250434765
2,26.643342,87.990692,9784.11854234396,2962.604459255891
2,27.222079,87.809162,9763.933327310177,3026.957077517383
2,26.828614,86.627769,9632.56841933678,2983.2057657051814
2,26.710188,87.759954,9758.461647359847,2970.0373953223725
2,27.298058,86.420101,9609.476791310355,3035.40555684891
2,27.16531,87.141359,9689.677021712158,3020.644652726698
2,26.660398,87.698214,9751.596472588812,2964.5009999247404
2,26.658383,87.701386,9751.94918289613,2964.276942147552
2,26.816667,87.283333,9705.463810227591,2981.877319916559
2,26.817189,87.266857,9703.631762616198,2981.935363668267
2,27.489889,87.210024,9697.312221350208,3056.7361908220623
2,27.510451,87.194098,9695.541330948468,3059.0225809037274
2,27.326785,86.729662,9643.898403997377,3038.5998535066283
2,26.780701,86.640955,9634.034635639517,2977.8780831848608
2,26.780701,86.640955,9634.034635639517,2977.8780831848608
2,26.560615,87.722391,9754.2848323303,2953.4056365593665
2,27.093766,86.531009,9621.80919823465,3012.6893228948397
2,26.845366,85.961108,9558.43909834499,2985.068503116331
2,27.668969,85.319822,9487.13134861681,3076.6489782855697
2,26.587023,86.730187,9643.956781333862,2956.342072182196
2,28.6549,82.1992,9140.134014241414,3186.2795035071663
2,28.656434,82.198116,9140.01347894093,3186.450076524639
2,28.941732,81.887043,9105.423739524827,3218.1737667064776
2,29.208862,81.734942,9088.510879987263,3247.877267461039
2,28.86515,82.171363,9137.038681068409,3209.6582368341847
2,28.637256,81.806744,9096.494898110195,3184.3175802214496
2,28.322804,82.292019,9150.455016137634,3149.352113148215
2,28.811358,80.552511,8957.030551680009,3203.67683934012
2,29.501265,80.58828,8961.00788301116,3280.390997596688
2,29.527829,81.098749,9017.76944602048,3283.344779628074
2,29.39033,81.479415,9060.09757396656,3268.0555884093737
2,29.403554,81.446101,9056.393226180322,3269.526030119321
2,29.623548,80.860838,8991.314949827547,3293.9882468115643
2,29.719862,81.22283,9031.566623713465,3304.6978749764085
2,29.818908,80.652857,8968.188517789085,3315.711287680846
2,28.703241,80.585627,8960.712882870772,3191.6547774560904
2,28.703241,80.585627,8960.712882870772,3191.6547774560904
2,28.703241,80.585627,8960.712882870772,3191.6547774560904
2,28.703241,80.585627,8960.712882870772,3191.6547774560904
2,28.703241,80.585627,8960.712882870772,3191.6547774560904
2,28.703241,80.585627,8960.712882870772,3191.6547774560904
2,28.703241,80.585627,8960.712882870772,3191.6547774560904
2,28.703241,80.585627,8960.712882870772,3191.6547774560904
2,28.703241,80.585627,8960.712882870772,3191.6547774560904
2,28.77,80.76,8980.102275814563,3199.0780395639545
2,28.77,80.76,8980.102275814563,3199.0780395639545
2,28.570907,80.795029,8983.997322899995,3176.9399080335097
2,28.833138,80.905082,8996.23465816201,3206.09866484244
2,29.13782,80.415449,8941.789952644252,3239.9777574823565
2,28.926186,81.647344,9078.770426803054,3216.445130376862
2,28.595475,82.629545,9187.986194948264,3179.671744991313
2,28.668043,82.414948,9164.124097275122,3187.7409384280554
2,28.127792,82.295008,9150.787377773377,3127.667768113406
2,28.187493,81.456095,9057.504508277209,3134.3062164290127
2,27.69629,83.459097,9280.228168736112,3079.6869348764258
2,27.685994,83.462955,9280.657158763106,3078.5420719116933
2,27.991877,82.303889,9151.774899916903,3112.554709658511
2,27.595562,83.864885,9325.349735629354,3068.4864923053724
2,27.670492,83.171091,9248.20336269292,3076.818328158849
2,28.033826,82.482549,9171.640985511223,3117.2192256363232
2,28.153889,81.663611,9080.57923467478,3130.5696221140493
2,28.266667,83.266667,9258.8309290019,3143.109963551169
2,27.654477,82.997624,9228.914712352667,3075.037541408637
2,28.367862,82.525131,9176.3758878776,3154.362334152965
2,28.310232,81.427898,9054.36914493061,3147.954170530439
2,27.649841,83.889706,9328.1097049036,3074.5220417287123
2,27.649841,83.889706,9328.1097049036,3074.5220417287123
2,28.890588,80.431844,8943.612993466591,3212.486813378169
2,28.056065,81.628017,9076.621362455797,3119.692089609972
2,27.82479,83.637156,9300.027426179517,3093.9754829502517
2,27.551894,83.761065,9313.805478345115,3063.6308322486584
2,27.533343,83.667223,9303.370724038938,3061.5680551644746
2,28.101659,82.853294,9212.86594859006,3124.761911095404
2,27.856291,83.736437,9311.066969691714,3097.478234334482
2,27.69342,83.314802,9264.183296795936,3079.367805436956
2,28.247784,82.72797,9198.930555603254,3141.01026975134
2,27.626479,83.651206,9301.589714898872,3071.9243058524426
2,28.38073,82.643613,9189.5504851763,3155.793190469028
2,28.066317,83.247924,9256.7468024918,3120.832059997932
2,27.869007,83.545366,9289.820843862812,3098.892189021694
2,27.874615,83.549477,9290.277966206248,3099.515770170316
2,27.868228,83.546503,9289.947272494406,3098.805568173838
2,28.127792,82.295008,9150.787377773377,3127.667768113406
2,27.540357,83.142905,9245.069222490516,3062.34797637996
2,28.807214,80.594488,8961.69818111577,3203.216047564105
2,29.906025,80.765024,8980.660919126025,3325.3982561053394
2,29.117712,80.338892,8933.277202645126,3237.7418498973875
2,27.825268,83.634843,9299.770232314188,3094.028634125188
2,27.825252,83.634843,9299.770232314188,3094.026855006361
2,27.533344,83.666667,9303.308899659723,3061.5681663594014
2,27.533333,83.666667,9303.308899659723,3061.566943215208
2,27.665295,83.353518,9268.488319575908,3076.240448125078
2,28.26809,83.972379,9337.302523074086,3143.2681939317845
2,28.26809,83.972379,9337.302523074086,3143.2681939317845
2,28.26809,83.972379,9337.302523074086,3143.2681939317845
2,28.26809,83.972379,9337.302523074086,3143.2681939317845
2,28.26809,83.972379,9337.302523074086,3143.2681939317845
2,28.26809,83.972379,9337.302523074086,3143.2681939317845
2,28.26809,83.972379,9337.302523074086,3143.2681939317845
2,28.26809,83.972379,9337.302523074086,3143.2681939317845
2,28.26809,83.972379,9337.302523074086,3143.2681939317845
2,28.454644,83.480123,9282.566153263742,3164.012052277033
2,28.26809,83.972379,9337.302523074086,3143.2681939317845
2,27.533333,83.666667,9303.308899659723,3061.566943215208
2,27.660428,83.480358,9282.5922840715,3075.6992624170985
2,27.626424,83.378939,9271.315005806138,3071.918190131477
2,27.626424,83.378939,9271.315005806138,3071.918190131477
2,27.626424,83.378939,9271.315005806138,3071.918190131477
2,27.626424,83.378939,9271.315005806138,3071.918190131477
2,28.223564,83.679177,9304.699948192048,3138.3171286280085
2,27.48643,83.276751,9259.952218642184,3056.351567570798
2,27.506512,83.437675,9277.846151017531,3058.584584087675
2,28.019682,83.804868,9318.676149716928,3115.6464845938626
2,28.030789,84.778514,9426.940645264696,3116.881526644104
2,27.86679,83.550091,9290.346239891209,3098.645669869323
2,27.86679,83.550091,9290.346239891209,3098.645669869323
2,28.179976,84.431103,9388.310304604183,3133.470364165425
2,28.26809,83.972379,9337.302523074086,3143.2681939317845
2,28.244167,81.521667,9064.795782007144,3140.6080777016664
2,27.649841,83.889706,9328.1097049036,3074.5220417287123
2,27.829384,84.003426,9340.754791961615,3094.486312443257
2,28.651842,80.466577,8947.475126853737,3185.939469421487
2,29.623548,80.860838,8991.314949827547,3293.9882468115643
2,29.571599,80.527176,8954.21342821347,3288.2117815673064
2,29.464525,81.027418,9009.837800708,3276.3056959917667
2,29.356005,80.872767,8992.64139410749,3264.238822552299
2,28.831355,80.89865,8995.519452393833,3205.900404288232
2,28.703241,80.585627,8960.712882870772,3191.6547774560904
2,28.703241,80.585627,8960.712882870772,3191.6547774560904
2,28.703241,80.585627,8960.712882870772,3191.6547774560904
2,29.187173,80.851536,8990.2806146199,3245.465560697045
2,29.456881,81.480261,9060.1916448745,3275.455721972496
2,29.689402,80.601639,8962.493336036205,3301.3108775108158
2,28.651203,80.449881,8945.61861635848,3185.868415863361
2,29.231273,80.650008,8967.871723443075,3250.3692569620707
2,28.602895,83.336188,9266.561311497157,3180.496811347016
2,28.280154,83.71016,9308.145100604275,3144.6096495268243
2,27.700201,83.450129,9279.230972633964,3080.1218182345324
2,27.954031,84.135948,9355.490566030408,3108.346426464721
2,27.974023,84.266069,9369.959361080326,3110.569435438199
2,28.007045,83.165268,9247.555874635069,3114.241314305856
2,28.373204,84.438272,9389.107461033298,3154.9563374511004
2,27.668861,83.17026,9248.110959708878,3076.636969233492
2,27.504131,83.377637,9271.170230011649,3058.319828967334
2,28.193167,83.204946,9251.96786693447,3134.937136442794
2,27.865713,83.547506,9290.05880100583,3098.5259129333267
2,27.654188,82.993161,9228.418449395052,3075.0054060748366
2,27.643576,84.12549,9354.32768948756,3073.8254055132843
2,27.645319,83.594926,9295.331664427316,3074.019218270426
2,28.276549,84.354205,9379.759637135068,3144.2087918162706
2,27.665691,83.985008,9338.706803802675,3076.2844813160286
2,27.703366,83.452085,9279.44846991048,3080.4737501773625
2,28.157349,81.754305,9090.66394735188,3130.9543565602394
2,27.699693,83.200074,9251.42612525186,3080.065331211797
2,27.99078,83.391124,9272.669915987302,3112.432728823982
2,27.73091,85.637631,9522.47009705879,3083.5365032368604
2,27.668097,85.274984,9482.14559049592,3076.552016309536
2,27.763775,85.170065,9470.4791299873,3087.190924501034
2,27.826673,85.244876,9478.797733644506,3094.1848629971228
2,27.708754,85.329496,9488.207048337168,3081.0728684421238
2,27.741754,85.333002,9488.596897749983,3084.742301021394
2,27.708754,85.329496,9488.207048337168,3081.0728684421238
2,27.708754,85.329496,9488.207048337168,3081.0728684421238
2,27.708754,85.329496,9488.207048337168,3081.0728684421238
2,27.708754,85.329496,9488.207048337168,3081.0728684421238
2,27.690317,85.220485,9476.08557818872,3079.0227675795777
2,27.708754,85.329496,9488.207048337168,3081.0728684421238
2,27.708754,85.329496,9488.207048337168,3081.0728684421238
2,27.708754,85.329496,9488.207048337168,3081.0728684421238
2,27.437133,85.003012,9451.903683906545,3050.8699912720017
2,27.708754,85.329496,9488.207048337168,3081.0728684421238
2,27.311553,85.477087,9504.618418755565,3036.9061323839783
2,27.668969,85.319822,9487.13134861681,3076.6489782855697
2,29.368234,82.481605,9171.53601750047,3265.5986253102355
2,27.668969,85.319822,9487.13134861681,3076.6489782855697
2,27.668969,85.319822,9487.13134861681,3076.6489782855697
2,27.668969,85.319822,9487.13134861681,3076.6489782855697
2,27.668969,85.319822,9487.13134861681,3076.6489782855697
2,27.675623,85.360004,9491.59938315924,3077.3888693274625
2,27.682197,85.383884,9494.254718007513,3078.119864775224
2,27.75456,85.06633,9458.944324271824,3086.166263252004
2,27.751839,85.066543,9458.9680087912,3085.863701856604
2,27.554636,85.023346,9454.164721544936,3063.935728737517
2,27.540775,84.807378,9430.150175627365,3062.394455859297
2,27.749209,85.310971,9486.147162321076,3085.571259199529
2,27.525942,85.56121,9513.972469569686,3060.7451015123784
2,27.829728,85.576211,9515.64050466428,3094.524563498022
2,27.433833,85.024698,9454.31505708576,3050.5030480140745
2,27.436765,85.002554,9451.852756630144,3050.8290715389967
2,26.883112,85.181362,9471.735299073602,2989.265666817457
2,26.654186,86.20779,9585.868885239524,2963.8102570404244
2,27.76,84.98,9449.344866254602,3086.7711636529507
2,27.667486,85.378252,9493.62846818065,3076.484076209356
2,27.666301,85.378537,9493.660158734743,3076.352310221282
2,27.833903,85.156379,9468.957316221242,3094.988802316763
2,27.670501,85.429355,9499.310862516966,3076.819328913189
2,27.674221,85.401816,9496.248665432102,3077.232974040307
2,27.683333,84.433333,9388.5582692906,3078.246182211892
2,27.698252,84.42022,9387.10017021751,3079.9050993225023
2,27.688965,84.427428,9387.901663248766,3078.872432038754
2,27.694559,84.431709,9388.37768872973,3079.4944564584043
2,27.669088,86.040554,9567.273090487197,3076.66221048184
2,27.895305,85.158407,9469.182819532476,3101.8163932025927
2,27.438239,84.995043,9451.017571536117,3050.9929728608704
2,27.895405,85.150764,9468.332956708133,3101.8275126952567
2,27.690317,85.220485,9476.08557818872,3079.0227675795777
2,27.716667,85.429722,9499.351671055045,3081.9527538966618
2,27.716667,85.429722,9499.351671055045,3081.9527538966618
2,27.573944,85.580117,9516.074832047754,3066.0826803811706
2,27.528968,84.354797,9379.825464531645,3061.0815773604045
2,27.975494,84.907358,9441.267444393288,3110.7330031752936
2,27.718948,85.162711,9469.661402496757,3082.206389524338
2,27.214779,85.910648,9552.828202346504,3026.145354552877
2,27.692757,85.412142,9497.396864244634,3079.29408320059
2,28.01591,85.158207,9469.160580547148,3115.2270573305595
2,27.777482,84.850549,9434.950571805535,3088.7150733605504
2,27.804307,84.83905,9433.67194134405,3091.6978772677912
2,27.619812,84.401585,9385.02805275949,3071.182969276503
2,27.436765,85.002554,9451.852756630144,3050.8290715389967
2,27.777854,85.361679,9491.78563466137,3088.7564378732627
2,26.707258,86.931727,9666.367006849803,2969.7115941873044
2,27.758122,85.40918,9497.067504871911,3086.562339580712
2,27.703552,85.263319,9480.84850167661,3080.4944324337184
2,27.998243,84.622702,9409.615141354354,3113.2625765615303
2,28.476394,84.68975,9417.07053879602,3166.4305419315524
2,28.198159,83.43857,9277.945670476878,3135.4922215166034
2,27.944705,84.22788,9365.712938026696,3107.3094225788336
2,28.256944,83.907222,9330.057395238706,3142.028815279404
2,27.648641,84.132959,9355.158204394667,3074.3886078167397
2,27.643623,84.124776,9354.248296309936,3073.8306316748367
2,28.148415,84.080162,9349.287445852617,3129.960941085597
2,28.317329,84.399929,9384.843913960964,3148.743320924836
2,27.917042,84.406761,9385.6035976998,3104.233437323065
2,28.112717,84.431219,9388.323203215674,3125.99150459424
2,28.203858,83.992959,9339.59091466443,3136.1259214035517
2,28.203858,83.992959,9339.59091466443,3136.1259214035517
2,28.203858,83.992959,9339.59091466443,3136.1259214035517
2,28.04852,84.076357,9348.864349156733,3118.853123888439
2,28.203858,83.992959,9339.59091466443,3136.1259214035517
2,28.203858,83.992959,9339.59091466443,3136.1259214035517
2,28.203858,83.992959,9339.59091466443,3136.1259214035517
2,28.145754,84.068936,9348.039171606102,3129.665051385796
2,28.203858,83.992959,9339.59091466443,3136.1259214035517
2,28.203858,83.992959,9339.59091466443,3136.1259214035517
2,28.203858,83.992959,9339.59091466443,3136.1259214035517
2,28.203858,83.992959,9339.59091466443,3136.1259214035517
2,28.270194,83.972082,9337.26949818087,3143.5021480574446
2,28.200888,83.944851,9334.241549133414,3135.7956724714163
2,28.223752,84.05455,9346.439521391394,3138.338033274218
2,28.203858,83.992959,9339.59091466443,3136.1259214035517
2,28.178754,84.061411,9347.202429783105,3133.3344839650663
2,28.069046,83.803196,9318.490231799578,3121.135510952745
2,27.916658,83.083345,9238.446452659566,3104.190738471234
2,28.203858,83.992959,9339.59091466443,3136.1259214035517
2,27.72762,85.168826,9470.341359473186,3083.1706719282
2,28.089722,84.234722,9366.473733714798,3123.434577256048
2,27.745955,84.18179,9360.58796385765,3085.209430908228
2,27.621566,84.510964,9397.190442640944,3071.3780051778376
2,27.583318,84.516752,9397.834038876365,3067.125021623536
2,27.737523,84.595609,9406.602537206772,3084.271835286761
2,27.746667,85.509722,9508.24726518661,3085.2886016959983
2,27.658563,84.434585,9388.69748533876,3075.4918838789067
2,27.966142,84.899419,9440.384667870656,3109.693108221313
2,27.829954,85.370482,9492.76448360062,3094.5496935514443
2,27.256922,85.97124,9559.565725341754,3030.8314423464594
2,27.257391,85.970283,9559.459311796954,3030.8835927670552
2,27.951203,85.684578,9527.69036527997,3108.03196721217
2,27.682606,85.479959,9504.937770584887,3078.1653435002218
2,27.645103,85.442715,9500.79642673694,3073.9952001662705
2,27.700964,85.274842,9482.129800816338,3080.2066599635623
2,27.741536,85.135146,9466.596314343798,3084.718060527385
2,28.059233,83.734452,9310.846247762323,3120.044355137581
2,27.681803,85.385983,9494.48811615854,3078.076053974126
2,27.35,85.8125,9541.914642686195,3041.181243728681
2,28.172733,85.313622,9486.441940071612,3132.6649793117394
2,28.209583,83.985567,9338.768961766673,3136.7625123585917
2,28.271696,83.58968,9294.748335842138,3143.6691628372646
2,28.270121,83.599982,9295.89386597643,3143.494030827799
2,28.266822,83.599817,9295.875518813536,3143.1271987647992
2,28.269058,83.600129,9295.910211630646,3143.375830620776
2,28.266542,83.600085,9295.905319053876,3143.0960641853385
2,28.276549,84.354205,9379.759637135068,3144.2087918162706
2,28.23769,84.382926,9382.953266623228,3139.88786816179
2,28.229407,84.379671,9382.591327137,3138.9668405843927
2,27.971112,84.26861,9370.241907388929,3110.245747006737
2,27.982263,84.261333,9369.432741907734,3111.48568163375
2,27.721441,84.196256,9362.19650966649,3082.4835984764627
2,27.646508,84.396686,9384.483308813858,3074.151429038206
2,29.972081,81.819419,9097.904293805414,3332.743348179773
2,28.829984,81.780046,9093.52621595864,3205.747956043802
2,27.990542,83.767615,9314.533805114635,3112.4062644314404
2,27.708754,85.329496,9488.207048337168,3081.0728684421238
2,26.766667,85.266719,9481.2265644272,2976.3175735843315
2,26.782869,85.277592,9482.435586864607,2978.1191537858263
2,27.708754,85.329498,9488.207270727022,3081.0728684421238
2,26.782869,85.277592,9482.435586864607,2978.1191537858263
2,27.330907,87.062426,9680.900072567323,3039.058198994257
2,27.708754,85.329498,9488.207270727022,3081.0728684421238
2,26.639747,87.140137,9689.541141511798,2962.204713494604
2,26.560959,87.722301,9754.274824786902,2953.443887614133
2,26.57967,86.849937,9657.272373799547,2955.5244558865784
2,26.782869,85.277592,9482.435586864607,2978.1191537858263
2,26.766667,85.266719,9481.2265644272,2976.3175735843315
2,26.765066,85.266834,9481.239351843768,2976.139550506773
2,26.766667,85.266667,9481.220782291017,2976.3175735843315
2,26.582145,86.464267,9614.38782644054,2955.799663330024
2,26.582145,86.464267,9614.38782644054,2955.799663330024
2,27.708754,85.329498,9488.207270727022,3081.0728684421238
2,26.664638,87.271781,9704.179286434995,2964.9724664137134
2,27.708754,85.329498,9488.207270727022,3081.0728684421238
2,26.811301,87.268917,9703.860824165084,2981.2806479401843
2,27.708754,85.329496,9488.207048337168,3081.0728684421238
2,26.782869,85.277592,9482.435586864607,2978.1191537858263
2,26.766667,85.266719,9481.2265644272,2976.3175735843315
2,26.453406,87.278482,9704.92440363844,2941.4845396687297
2,26.453406,87.278482,9704.92440363844,2941.4845396687297
2,26.453406,87.278482,9704.92440363844,2941.4845396687297
2,27.416491,85.033562,9455.300688915537,3048.5747055962047
2,27.416491,85.033562,9455.300688915537,3048.5747055962047
2,27.819995,85.469994,9503.829713140876,3093.4423032769905
2,27.759967,85.280073,9482.711461477616,3086.767494220371
2,27.766812,85.4066,9496.78062196117,3087.528623493253
2,26.453091,87.270794,9704.069537042396,2941.449513266837
2,26.63982,87.894245,9773.394125253872,2962.2128307242488
2,26.378511,87.291748,9706.399515535308,2933.1565956376858
2,27.708754,85.329498,9488.207270727022,3081.0728684421238
2,26.671816,87.667963,9748.23271486289,2965.770623597168
2,26.613431,87.445586,9723.505520660454,2959.2785078050256
2,26.454444,87.142778,9689.834807313067,2941.5999600025866
2,26.983648,87.318597,9709.384988120786,3000.4447599625937
2,26.782869,85.277592,9482.435586864607,2978.1191537858263
2,26.983648,87.318597,9709.384988120786,3000.4447599625937
2,26.98276,87.34064,9711.836057888811,3000.3460188677336
2,26.983648,87.318597,9709.384988120786,3000.4447599625937
2,27.738611,85.393611,9495.336311058983,3084.39281536695
2,26.453406,87.278482,9704.92440363844,2941.4845396687297
2,26.63982,87.894245,9773.394125253872,2962.2128307242488
2,26.63982,87.894245,9773.394125253872,2962.2128307242488
2,27.708754,85.329498,9488.207270727022,3081.0728684421238
2,27.021345,87.470224,9726.24514126312,3004.636475112314
2,26.646921,88.154752,9802.361182009266,2963.002425898352
2,27.708754,85.329498,9488.207270727022,3081.0728684421238
2,26.830074,86.266069,9592.349214369442,2983.3681102980827
2,26.830201,86.266646,9592.413373842115,2983.3822320537665
2,27.708754,85.329498,9488.207270727022,3081.0728684421238
2,26.658591,87.496896,9729.210932346585,2964.300070692294
2,26.67621,87.464251,9725.580973966276,2966.2592141048444
2,27.708754,85.329498,9488.207270727022,3081.0728684421238
2,26.67621,87.464251,9725.580973966276,2966.2592141048444
2,27.708754,85.329498,9488.207270727022,3081.0728684421238
2,26.67621,87.464251,9725.580973966276,2966.2592141048444
2,27.708754,85.329498,9488.207270727022,3081.0728684421238
2,26.67621,87.464251,9725.580973966276,2966.2592141048444
2,27.708754,85.329498,9488.207270727022,3081.0728684421238
2,27.708754,85.329498,9488.207270727022,3081.0728684421238
2,27.708754,85.329498,9488.207270727022,3081.0728684421238
2,27.66897,85.319824,9487.13157100666,3076.6490894804965
2,27.413611,85.461111,9502.841968607492,3048.254464207469
2,27.685568,86.727843,9643.696140425804,3078.4947028729425
2,26.826944,86.082778,9571.968185069834,2983.0200701776853
2,27.708754,85.329498,9488.207270727022,3081.0728684421238
2,27.708754,85.329498,9488.207270727022,3081.0728684421238
2,27.708754,85.329498,9488.207270727022,3081.0728684421238
2,27.597801,86.547641,9623.658592254604,3068.7354577461297
2,27.708754,85.329498,9488.207270727022,3081.0728684421238
2,27.66897,85.319824,9487.13157100666,3076.6490894804965
2,27.677286,84.416928,9386.734116518996,3077.573786490472
2,26.640033,87.890391,9772.965580006585,2962.236515243624
2,27.708754,85.329498,9488.207270727022,3081.0728684421238
2,27.4,87.65,9746.235320395574,3046.7409900609096
2,27.708754,85.329498,9488.207270727022,3081.0728684421238
2,26.832262,86.013557,9564.271161052571,2983.611404797581
2,26.716667,86.483333,9616.507868911944,2970.757827252103
2,26.716667,86.483333,9616.507868911944,2970.757827252103
2,26.716667,86.483333,9616.507868911944,2970.757827252103
2,26.832262,86.013557,9564.271161052571,2983.611404797581
2,26.826944,86.082778,9571.968185069834,2983.0200701776853
2,27.708754,85.329498,9488.207270727022,3081.0728684421238
2,26.826944,86.082778,9571.968185069834,2983.0200701776853
2,27.708754,85.329498,9488.207270727022,3081.0728684421238
2,27.708754,85.329498,9488.207270727022,3081.0728684421238
2,27.708754,85.329498,9488.207270727022,3081.0728684421238
2,27.819698,85.782042,9538.527867610455,3093.4092783837773
2,26.648581,85.795471,9540.021104280368,2963.1870094765814
2,26.633463,85.799952,9540.519368746662,2961.505964575569
2,27.698891,84.430396,9388.231689791046,3079.976152880628
2,27.524695,85.563164,9514.18974445635,3060.606441438853
2,27.159093,85.913744,9553.172461839398,3019.9533538677483
2,27.736073,85.360131,9491.613504914923,3084.110602643126
2,27.558771,85.705543,9530.021566917076,3064.3955197591927
2,27.541344,84.506474,9396.691177420307,3062.4577257725578
2,27.60742,84.564758,9403.172062524862,3069.805041745524
2,27.173588,84.856793,9435.644872927503,3021.565124329461
2,27.173588,84.856793,9435.644872927503,3021.565124329461
2,26.645004,86.624767,9632.234612166994,2962.789265223974
2,27.708754,85.329498,9488.207270727022,3081.0728684421238
2,26.645157,86.624767,9632.234612166994,2962.8062780477508
2,27.525942,85.56121,9513.972469569686,3060.7451015123784
2,27.117008,85.741687,9534.040596345716,3015.273715379912
2,27.117008,85.741687,9534.040596345716,3015.273715379912
2,27.033394,85.000018,9451.570766296172,3005.9762627834543
2,27.66897,85.319824,9487.13157100666,3076.6490894804965
2,27.66897,85.319824,9487.13157100666,3076.6490894804965
2,27.532622,85.564016,9514.284482533849,3061.487883622364
2,26.760601,85.926979,9554.644126693538,2975.643065159305
2,27.708754,85.329496,9488.207048337168,3081.0728684421238
2,27.57313,85.534246,9510.97420956764,3065.992167710882
2,27.380532,86.069586,9570.50130159754,3044.576247228993
2,27.708754,85.329498,9488.207270727022,3081.0728684421238
2,27.708754,85.329498,9488.207270727022,3081.0728684421238
2,27.66897,85.319824,9487.13157100666,3076.6490894804965
2,27.66897,85.319824,9487.13157100666,3076.6490894804965
2,27.708754,85.329498,9488.207270727022,3081.0728684421238
2,27.708754,85.329498,9488.207270727022,3081.0728684421238
2,27.412924,84.375233,9382.09784405255,3048.178073292864
2,26.876623,85.809504,9541.58150268597,2988.54412293846
2,26.876192,85.80766,9541.376459241235,2988.496197925077
2,27.708754,85.329498,9488.207270727022,3081.0728684421238
2,27.708754,85.329498,9488.207270727022,3081.0728684421238
2,27.708754,85.329496,9488.207048337168,3081.0728684421238
2,27.708754,85.329496,9488.207048337168,3081.0728684421238
2,27.708754,85.329496,9488.207048337168,3081.0728684421238
2,27.708754,85.329498,9488.207270727022,3081.0728684421238
2,26.966488,85.556537,9513.452855677477,2998.536655021373
2,27.708754,85.329496,9488.207048337168,3081.0728684421238
2,27.708754,85.329498,9488.207270727022,3081.0728684421238
2,27.678102,85.277088,9482.37954462158,3077.6645215506146
2,26.979694,85.230125,9477.157497281572,3000.0050952226416
2,27.708754,85.329496,9488.207048337168,3081.0728684421238
2,27.032334,85.007753,9452.430859053768,3005.8583961612107
2,27.66897,85.319824,9487.13157100666,3076.6490894804965
2,27.032334,85.007753,9452.430859053768,3005.8583961612107
2,27.620146,84.369991,9381.51496024708,3071.2201083820023
2,26.73267,85.924789,9554.400609804188,2972.537279663196
2,27.951203,85.684578,9527.69036527997,3108.03196721217
2,26.73267,85.924789,9554.400609804188,2972.537279663196
2,27.708754,85.329498,9488.207270727022,3081.0728684421238
2,27.686766,85.202357,9474.069836558509,3078.627914395063
2,27.680217,85.790052,9539.41853897288,3077.899698820468
2,27.709889,85.870155,9548.325586181889,3081.199074683865
2,27.741533,85.328483,9488.094407876477,3084.7177269426056
2,27.708754,85.329498,9488.207270727022,3081.0728684421238
2,26.73267,85.924789,9554.400609804188,2972.537279663196
2,26.633463,85.799952,9540.519368746662,2961.505964575569
2,26.617262,86.701389,9640.754589836351,2959.7044955690008
2,26.633463,85.799952,9540.519368746662,2961.505964575569
2,26.466667,87.266667,9703.610635580137,2942.9590955909634
2,26.452475,87.271781,9704.179286434995,2941.381017192024
2,26.653368,87.449917,9723.987105887749,2963.7192995904293
2,26.452475,87.271781,9704.179286434995,2941.381017192024
2,26.454761,87.279249,9705.009690147175,2941.6352087943333
2,26.454391,87.280344,9705.131448591852,2941.594066671475
2,27.708754,85.329498,9488.207270727022,3081.0728684421238
2,26.894353,86.62416,9632.16711684652,2990.515608987868
2,26.73267,85.924789,9554.400609804188,2972.537279663196
2,26.73267,85.924789,9554.400609804188,2972.537279663196
2,27.708754,85.329498,9488.207270727022,3081.0728684421238
2,27.030199,85.008018,9452.46032570933,3005.6209949928248
2,27.72794,85.379576,9493.775690263526,3083.206254304726
2,27.02022,85.290086,9483.824856278106,3004.511380819839
2,27.708754,85.329498,9488.207270727022,3081.0728684421238
2,27.04869,85.313622,9486.441940071612,3007.6771003814097
2,27.72794,85.379576,9493.775690263526,3083.206254304726
2,27.04869,85.313622,9486.441940071612,3007.6771003814097
2,27.04869,85.313622,9486.441940071612,3007.6771003814097
2,27.649488,84.315908,9375.501205029364,3074.482789919607
2,27.04869,85.313622,9486.441940071612,3007.6771003814097
2,28.57271,81.64144,9078.113931956144,3177.1403924862498
2,26.73267,85.924789,9554.400609804188,2972.537279663196
2,26.73267,85.924789,9554.400609804188,2972.537279663196
2,27.708754,85.329498,9488.207270727022,3081.0728684421238
2,27.708754,85.329498,9488.207270727022,3081.0728684421238
2,27.708754,85.329498,9488.207270727022,3081.0728684421238
2,27.43426,86.24976,9590.535736310796,3050.550528247752
2,26.73267,85.924789,9554.400609804188,2972.537279663196
2,26.73267,85.924789,9554.400609804188,2972.537279663196
2,27.708754,85.329498,9488.207270727022,3081.0728684421238
2,27.708754,85.329498,9488.207270727022,3081.0728684421238
2,27.708754,85.329498,9488.207270727022,3081.0728684421238
2,26.767787,86.267047,9592.4579630077,2976.4421119021727
2,27.904355,85.153122,9468.59515434516,3102.8227072887257
2,29.090402,80.319965,8931.172616268525,3234.7051164507247
2,27.904355,85.153122,9468.59515434516,3102.8227072887257
2,28.831355,80.89865,8995.519452393833,3205.900404288232
2,27.708754,85.329498,9488.207270727022,3081.0728684421238
2,27.708754,85.329498,9488.207270727022,3081.0728684421238
2,27.672331,86.045938,9567.87176397225,3077.0228156289486
2,28.831355,80.89865,8995.519452393833,3205.900404288232
2,26.857571,85.291608,9483.99409495646,2986.425637196028
2,27.708754,85.329498,9488.207270727022,3081.0728684421238
2,27.708754,85.329498,9488.207270727022,3081.0728684421238
2,27.708754,85.329498,9488.207270727022,3081.0728684421238
2,27.683333,84.433333,9388.5582692906,3078.246182211892
2,28.13192,81.931657,9110.384589982148,3128.126780770595
2,28.837201,80.321311,8931.322284639788,3206.550449829396
2,29.617011,81.603566,9073.902535304407,3293.261365576089
2,28.8401,80.560309,8957.897649717985,3206.8728039217385
2,27.708754,85.329498,9488.207270727022,3081.0728684421238
2,29.483192,81.400457,9051.317844948557,3278.3813716874406
2,29.200123,80.885239,8994.0282172326,3246.905534997092
2,27.708754,85.329498,9488.207270727022,3081.0728684421238
2,27.904355,85.153122,9468.59515434516,3102.8227072887257
2,29.266706,80.933135,8999.354009439168,3254.3092267978677
2,26.899792,86.701389,9640.754589836351,2991.120398193888
2,27.708754,85.329498,9488.207270727022,3081.0728684421238
2,27.04477,84.867372,9436.821204056478,3007.241216268963
2,27.04477,84.867372,9436.821204056478,3007.241216268963
2,27.04477,84.867372,9436.821204056478,3007.241216268963
2,27.04477,84.867372,9436.821204056478,3007.241216268963
2,28.728056,80.915833,8997.430114818366,3194.414079560775
2,28.728056,80.915833,8997.430114818366,3194.414079560775
2,28.728056,80.915833,8997.430114818366,3194.414079560775
2,29.14176,81.248374,9034.406986919674,3240.415865493336
2,29.716389,80.770278,8981.245137270616,3304.311694996172
2,27.04477,84.867372,9436.821204056478,3007.241216268963
2,27.04477,84.867372,9436.821204056478,3007.241216268963
2,29.218825,80.499386,8951.12332120202,3248.985102515199
2,29.558111,80.426642,8943.034557458186,3286.7119843967243
2,28.683306,80.622346,8964.795849382233,3189.438106593432
2,28.703241,80.585627,8960.712882870772,3191.6547774560904
2,27.04477,84.867372,9436.821204056478,3007.241216268963
2,27.0,84.866667,9436.742811633194,3002.2630194030858
2,27.0,84.866667,9436.742811633194,3002.2630194030858
2,27.708754,85.329498,9488.207270727022,3081.0728684421238
2,27.708754,85.329498,9488.207270727022,3081.0728684421238
2,27.708754,85.329498,9488.207270727022,3081.0728684421238
2,29.509165,80.865453,8991.828114414013,3281.2694375171804
2,28.203858,83.992959,9339.59091466443,3136.1259214035517
2,28.144872,84.41191,9386.176140377094,3129.5669774604958
2,27.634559,85.523361,9509.763852791117,3072.8227608597304
2,27.708754,85.329498,9488.207270727022,3081.0728684421238
2,27.701108,85.250069,9479.37516889857,3080.2226720329995
2,27.708754,85.329498,9488.207270727022,3081.0728684421238
2,28.982765,82.271817,9148.20865622956,3222.7364281314844
2,27.04279,84.906278,9441.147353872511,3007.0210503142066
2,27.648675,84.417219,9386.76647424265,3074.392388444245
2,28.144826,84.044358,9345.306222699031,3129.5618624938693
2,27.673817,85.359694,9491.56491273198,3077.1880512899425
2,27.668969,85.319822,9487.13134861681,3076.6489782855697
2,28.852559,81.682716,9082.703613748325,3208.2581815128024
2,27.720901,85.288181,9483.613029942848,3082.423553216075
2,28.698733,82.203615,9140.624939842548,3191.153510726777
2,29.277238,81.730831,9088.053757643827,3255.4803317652872
2,29.524004,82.158551,9135.614051668235,3282.9194590336588
2,27.708754,85.329496,9488.207048337168,3081.0728684421238
2,27.708754,85.329498,9488.207270727022,3081.0728684421238
2,27.627741,85.533889,9510.93451297883,3072.064633849868
2,28.587222,81.631809,9077.04301361763,3178.754053261716
2,26.899792,86.701389,9640.754589836351,2991.120398193888
2,27.63671,85.516751,9509.028854325994,3073.061941146943
2,27.63671,85.516751,9509.028854325994,3073.061941146943
2,28.639304,81.141644,9022.5391523989,3184.545307431217
2,28.518126,81.11616,9019.70546088829,3171.070928610283
2,27.708754,85.329498,9488.207270727022,3081.0728684421238
2,28.288379,83.993678,9339.670863816687,3145.524227798476
2,27.708754,85.329498,9488.207270727022,3081.0728684421238
2,28.203858,83.992959,9339.59091466443,3136.1259214035517
2,26.658275,87.417084,9720.336242861227,2964.264933095474
2,26.661113,87.41777,9720.412522580908,2964.580504297291
2,28.203858,83.992959,9339.59091466443,3136.1259214035517
2,27.63671,85.516751,9509.028854325994,3073.061941146943
2,27.708754,85.329498,9488.207270727022,3081.0728684421238
2,28.203858,83.992959,9339.59091466443,3136.1259214035517
2,26.985877,85.891773,9550.72939810609,3000.6926134540845
2,26.999966,85.467506,9503.553060163384,3002.2592387755803
2,26.99992,85.466685,9503.461769128608,3002.254123808954
2,28.203858,83.992959,9339.59091466443,3136.1259214035517
2,28.203858,83.992959,9339.59091466443,3136.1259214035517
2,28.203858,83.992959,9339.59091466443,3136.1259214035517
2,27.134111,85.064907,9458.78609389121,3017.1754822103144
2,27.134058,85.065016,9458.798214138214,3017.1695888792024
2,28.203858,83.992959,9339.59091466443,3136.1259214035517
2,27.04477,84.867372,9436.821204056478,3007.241216268963
2,27.04477,84.867372,9436.821204056478,3007.241216268963
2,27.04477,84.867372,9436.821204056478,3007.241216268963
2,27.529131,84.354205,9379.759637135068,3061.099702133448
2,27.527758,84.352813,9379.60485379718,3060.9470314991645
2,27.529131,84.354205,9379.759637135068,3061.099702133448
2,27.708754,85.329498,9488.207270727022,3081.0728684421238
2,27.708754,85.329498,9488.207270727022,3081.0728684421238
2,27.524256,84.346967,9378.954808256018,3060.557626866056
2,27.529131,84.354205,9379.759637135068,3061.099702133448
2,27.708754,85.329498,9488.207270727022,3081.0728684421238
2,26.470069,87.230047,9699.53867736641,2943.3373807314083
2,27.708754,85.329498,9488.207270727022,3081.0728684421238
2,26.470069,87.230047,9699.53867736641,2943.3373807314083
2,27.708754,85.329498,9488.207270727022,3081.0728684421238
2,27.708754,85.329498,9488.207270727022,3081.0728684421238
2,27.504281,86.58681,9628.013986336346,3058.3365082063306
2,27.727839,85.378207,9493.62346440895,3083.1950236171347
2,26.617262,86.701389,9640.754589836351,2959.7044955690008
2,26.616769,86.701927,9640.814412706886,2959.649676470165
2,26.62078,86.703439,9640.982539435972,2960.095679320936
2,26.617262,86.701389,9640.754589836351,2959.7044955690008
2,27.04477,84.867372,9436.821204056478,3007.241216268963
2,27.708754,85.329498,9488.207270727022,3081.0728684421238
2,26.617262,86.701389,9640.754589836351,2959.7044955690008
2,27.708754,85.329498,9488.207270727022,3081.0728684421238
2,26.540711,86.748592,9646.003323958756,2951.192412739433
2,27.708754,85.329498,9488.207270727022,3081.0728684421238
2,27.959441,84.895897,9439.993039339017,3108.947991017868
2,27.971136,84.898478,9440.280033444684,3110.248415684976
2,27.971136,84.898478,9440.280033444684,3110.248415684976
2,27.708754,85.329498,9488.207270727022,3081.0728684421238
2,26.657949,87.560992,9736.338082364797,2964.228683549388
2,27.708754,85.329498,9488.207270727022,3081.0728684421238
2,27.708754,85.329498,9488.207270727022,3081.0728684421238
2,27.20364,87.815672,9764.65720628263,3024.906754264984
2,26.540301,86.748377,9645.979417049526,2951.146822819509
2,26.570159,86.889968,9661.723617908056,2954.466880939262
2,27.708754,85.329498,9488.207270727022,3081.0728684421238
2,26.541946,86.756722,9646.907338712375,2951.32973847384
2,26.540301,86.748377,9645.979417049526,2951.146822819509
2,26.540301,86.748377,9645.979417049526,2951.146822819509
2,26.540563,86.748517,9645.994984339255,2951.175955890289
2,26.540563,86.748517,9645.994984339255,2951.175955890289
2,26.540563,86.748517,9645.994984339255,2951.175955890289
2,27.708754,85.329498,9488.207270727022,3081.0728684421238
2,27.708754,85.329498,9488.207270727022,3081.0728684421238
2,27.708754,85.329498,9488.207270727022,3081.0728684421238
2,26.617262,86.701389,9640.754589836351,2959.7044955690008
2,26.617262,86.701389,9640.754589836351,2959.7044955690008
2,27.66897,85.319824,9487.13157100666,3076.6490894804965
2,26.795856,86.296866,9595.773684525317,2979.563242298159
2,27.727839,85.378207,9493.62346440895,3083.1950236171347
2,26.788148,87.589009,9739.453430624597,2978.7061518035825
2,26.617262,86.701389,9640.754589836351,2959.7044955690008
2,27.708754,85.329496,9488.207048337168,3081.0728684421238
2,26.999967,84.866809,9436.758601312777,3002.2593499705067
2,27.04477,84.867372,9436.821204056478,3007.241216268963
2,27.04477,84.867372,9436.821204056478,3007.241216268963
2,27.04477,84.867372,9436.821204056478,3007.241216268963
2,27.708754,85.329498,9488.207270727022,3081.0728684421238
2,27.04477,84.867372,9436.821204056478,3007.241216268963
2,26.627103,87.182658,9694.269260987652,2960.79876484211
2,26.627552,87.182171,9694.215109058376,2960.8486913641736
2,26.627103,87.182658,9694.269260987652,2960.79876484211
2,26.651904,87.904158,9774.4964005617,2963.5565102178216
2,26.627103,87.182658,9694.269260987652,2960.79876484211
2,27.04477,84.867372,9436.821204056478,3007.241216268963
2,27.708754,85.329498,9488.207270727022,3081.0728684421238
2,27.04477,84.867372,9436.821204056478,3007.241216268963
2,26.752414,85.326545,9487.87891210864,2974.7327122948664
2,26.795856,86.296866,9595.773684525317,2979.563242298159
2,27.727839,85.378207,9493.62346440895,3083.1950236171347
2,27.727839,85.378207,9493.62346440895,3083.1950236171347
2,27.766769,85.700518,9529.462812410686,3087.523842111408
2,27.666612,86.050411,9568.36913887913,3076.386891843468
2,27.653398,85.510493,9508.332996475054,3074.917562082787
2,26.740279,88.089854,9795.14485365989,2973.3833618600347
2,27.1602,85.350035,9490.490880935522,3020.0764466515443
2,27.727839,85.378207,9493.62346440895,3083.1950236171347
2,26.617262,86.701389,9640.754589836351,2959.7044955690008
2,27.04477,84.867372,9436.821204056478,3007.241216268963
2,27.1602,85.350035,9490.490880935522,3020.0764466515443
2,27.167175,85.336354,9488.969623144098,3020.8520312648902
2,26.655546,86.208373,9585.933711881757,2963.961482140661
2,26.65411,86.2087,9585.97007262277,2963.801806226
2,26.795702,86.2971,9595.79970413815,2979.546118279456
2,26.795702,86.2971,9595.79970413815,2979.546118279456
2,26.795702,86.2971,9595.79970413815,2979.546118279456
2,27.04477,84.867372,9436.821204056478,3007.241216268963
3,28.203858,83.992959,9339.59091466443,3136.1259214035517
3,28.203858,83.992959,9339.59091466443,3136.1259214035517
3,27.685188,83.143679,9245.15528736374,3078.452448800818
3,28.602895,83.336166,9266.558865208772,3180.496811347016
3,28.203858,83.992959,9339.59091466443,3136.1259214035517
3,28.583333,83.333333,9266.243849981583,3178.321616191995
3,28.203858,83.992959,9339.59091466443,3136.1259214035517
3,28.178049,83.698657,9306.866025363082,3133.2560915417816
3,28.146057,81.778702,9093.376769977229,3129.6987434485686
3,28.277432,83.581616,9293.851659953676,3144.306976936498
3,28.583333,83.333333,9266.243849981583,3178.321616191995
3,28.602895,83.336166,9266.558865208772,3180.496811347016
3,29.009122,81.252554,9034.871781713047,3225.6671928130554
3,28.381562,82.648344,9190.076548374254,3155.885704647996
3,27.776059,85.694846,9528.832114786755,3088.5568429799355
3,27.982927,83.036138,9233.197273757456,3111.559515065042
3,27.982926,83.036137,9233.197162562528,3111.559403870116
3,27.917042,84.406761,9385.6035976998,3104.233437323065
3,29.36862,80.974713,9003.977272099197,3265.6415465519203
3,29.689402,80.601639,8962.493336036205,3301.3108775108158
3,29.145049,81.251988,9034.808845384568,3240.78158560707
3,29.353473,80.867415,8992.046278860087,3263.957276998035
3,27.248172,85.93523,9555.561596033283,3029.8584867383192
3,27.046937,85.319081,9487.048953176163,3007.4821756750016
3,27.862527,85.113974,9464.24209535688,3098.1716458970373
3,29.452199,80.997616,9006.523969504136,3274.935107325946
3,29.497698,80.593182,8961.55296054157,3279.9943652933466
3,28.933428,81.366564,9047.549115299797,3217.2504040356216
3,29.039622,81.251883,9034.79716991727,3229.058638075714
3,29.452199,80.997616,9006.523969504136,3274.935107325946
3,27.959441,84.895897,9439.993039339017,3108.947991017868
3,28.855428,80.254473,8923.89023813272,3208.577199757346
3,29.112029,81.38943,9050.09169849245,3237.109929129266
3,28.005136,84.715882,9419.976284619092,3114.029043190891
3,28.270566,83.599687,9295.86106347307,3143.543512570156
3,27.870048,84.840112,9433.790030356147,3099.007942940331
3,27.708754,85.329498,9488.207270727022,3081.0728684421238
3,27.368102,85.107405,9463.51165588375,3043.1940942908013
3,27.944705,84.22788,9365.712938026696,3107.3094225788336
3,27.648675,84.417219,9386.76647424265,3074.392388444245
3,28.017218,83.607569,9296.737501884882,3115.3725002946107
3,27.626424,83.378939,9271.315005806138,3071.918190131477
3,27.708754,85.329496,9488.207048337168,3081.0728684421238
3,27.708754,85.329498,9488.207270727022,3081.0728684421238
3,27.708754,85.329498,9488.207270727022,3081.0728684421238
3,27.683483,84.433297,9388.55426627324,3078.2628614508885
3,29.327667,80.699901,8973.419571918152,3261.087780721046
3,27.684035,84.433128,9388.535474330638,3078.3242410503967
3,26.633069,85.774712,9537.712808798153,2961.462153774471
3,28.602895,83.336188,9266.561311497157,3180.496811347016
3,28.276549,84.354205,9379.759637135068,3144.2087918162706
3,28.262215,84.016742,9342.235463604817,3142.614923737748
3,27.98749,84.291734,9372.81317887266,3112.066897515321
3,28.22151,83.414843,9275.307348452385,3138.0887342486803
3,26.999967,84.866809,9436.758601312777,3002.2593499705067
3,27.000522,84.866481,9436.722129376836,3002.321063154794
3,27.694363,83.453271,9279.58034709348,3079.472662252781
3,27.971136,84.898478,9440.280033444684,3110.248415684976
3,27.554343,83.293088,9261.768810158776,3063.9031486240106
3,27.959441,84.895897,9439.993039339017,3108.947991017868
3,28.550824,81.069332,9014.498424863375,3174.706780321707
3,28.8,82.39,9161.350006245197,3202.413887363292
3,28.381562,82.648344,9190.076548374254,3155.885704647996
3,28.122395,82.676581,9193.21635951792,3127.0676490943056
3,28.116449,82.870061,9214.730353925108,3126.4064840604765
3,27.627379,83.378901,9271.310780398924,3072.0243812864223
3,28.381562,82.648344,9190.076548374254,3155.885704647996
3,28.386816,82.642886,9189.469646464631,3156.469922792586
3,27.98271,83.036684,9233.257986187404,3111.53538576596
3,28.056065,81.628017,9076.621362455797,3119.692089609972
3,27.649841,83.889706,9328.1097049036,3074.5220417287123
3,27.667097,83.804526,9318.638121052016,3076.440821382891
3,27.464709,83.021424,9231.561151606807,3053.9363025691523
3,28.199826,81.68365,9082.80746980981,3135.67758345932
3,28.211788,81.713052,9086.076823043011,3137.007697171842
3,27.032379,85.003066,9451.909688432585,3005.86339993291
3,28.090078,81.731867,9088.168955587833,3123.474162649933
3,27.654188,82.993161,9228.418449395052,3075.0054060748366
3,27.654337,82.992845,9228.383311798234,3075.0219741189067
3,28.506733,81.185462,9027.411491694613,3169.8040848110218
3,26.92013,85.809931,9541.628982919648,2993.381880611985
3,26.92013,85.809931,9541.628982919648,2993.381880611985
3,28.831355,80.89865,8995.519452393833,3205.900404288232
3,28.827095,80.909191,8996.691558115594,3205.426713900726
3,27.971136,84.898478,9440.280033444684,3110.248415684976
3,28.631885,81.144121,9022.8145822322,3183.7203522704417
3,27.971136,84.898478,9440.280033444684,3110.248415684976
3,28.905248,80.466026,8947.413858449156,3214.1169310027785
3,27.971136,84.898478,9440.280033444684,3110.248415684976
3,28.837201,80.321311,8931.322284639788,3206.550449829396
3,27.971136,84.898478,9440.280033444684,3110.248415684976
3,28.831407,80.900627,8995.739284763808,3205.906186424417
3,29.089961,80.490042,8950.084315807453,3234.6560794880747
3,29.542222,81.299167,9040.054910828729,3284.9452082072694
3,29.112004,80.681213,8971.341561129018,3237.1071492561005
3,29.138966,80.628919,8965.526733635068,3240.105186868291
3,29.200598,80.89865,8995.519452393833,3246.958352587249
3,27.749644,85.331823,9488.465798931473,3085.6196289926197
3,27.61765,84.243586,9367.459365544575,3070.9425658450978
3,27.616667,85.55,9512.725974442,3070.833261232206
3,26.95183,85.317684,9486.893613863642,2996.906759786618
3,28.99169,81.258608,9035.544955798954,3223.728842851787
3,29.568333,80.618333,8964.34962414161,3287.848618936885
3,28.792778,80.650278,8967.901746073268,3201.6108376030647
3,28.724392,80.607946,8963.194642438551,3194.00666134955
3,28.604521,83.340104,9266.996750829896,3180.67761429774
3,28.352481,82.12784,9132.199144276055,3152.652044986245
3,28.202472,84.117125,9353.397543926178,3135.971805235222
3,27.965289,82.486105,9172.03639467037,3109.598258948885
3,26.452475,87.271781,9704.179286434995,2941.381017192024
3,27.163229,85.063926,9458.677011668173,3020.4132560843505
3,26.84945,87.249713,9701.725436793802,2985.522623196748
3,29.716389,80.770278,8981.245137270616,3304.311694996172
3,26.795702,86.2971,9595.79970413815,2979.546118279456
3,29.716389,80.770278,8981.245137270616,3304.311694996172
3,26.453079,87.271972,9704.200524665985,2941.448178927717
3,29.107432,81.229853,9032.34754568329,3236.5987660514816
3,26.980408,87.345526,9712.379356300398,3000.084488400266
3,26.997252,87.333169,9711.00532059185,3001.9574557446663
3,26.798741,87.366882,9714.75403515382,2979.8840396615283
3,27.04869,85.313622,9486.441940071612,3007.6771003814097
3,26.669859,87.610078,9741.79619653407,2965.5530151257244
3,27.133349,85.36741,9492.422892785971,3017.090751676211
3,27.11927,85.35628,9491.185293252414,3015.5252383039824
3,27.153927,85.335152,9488.835966842267,3019.378920876703
3,28.056065,81.628017,9076.621362455797,3119.692089609972
3,26.540524,86.748599,9646.004102323242,2951.171619288151
3,26.617262,86.701389,9640.754589836351,2959.7044955690008
3,27.04869,85.313622,9486.441940071612,3007.6771003814097
3,28.831355,80.89865,8995.519452393833,3205.900404288232
3,28.831355,80.89865,8995.519452393833,3205.900404288232
3,27.444982,85.03533,9455.497281545844,3051.742760251235
3,29.274832,82.183049,9138.338104981176,3255.2127967717806
3,28.437167,82.095196,9128.569297090671,3162.068698544066
3,27.653872,84.407691,9385.70700898158,3074.970268478017
3,26.53988,86.748546,9645.99820899213,2951.1000097553915
3,26.962714,85.56121,9513.972469569686,2998.1170053682167
3,27.546957,85.137564,9466.865183676424,3063.0818628958136
3,26.813315,85.484153,9505.404122107237,2981.5045945224465
3,27.431907,86.110112,9575.007587194736,3050.288886585357
3,27.87747,82.572646,9181.659314817118,3099.8332316858864
3,27.551962,85.003442,9451.951497725004,3063.6383935036697
3,26.795702,86.2971,9595.79970413815,2979.546118279456
3,26.617262,86.701389,9640.754589836351,2959.7044955690008
3,27.155195,87.139958,9689.521237619929,3019.519916043688
3,27.971136,84.898478,9440.280033444684,3110.248415684976
3,27.014918,84.878928,9438.106172628784,3003.9218253187696
3,26.526229,86.927001,9665.841499626486,2949.5820878117665
3,26.68239,87.456939,9724.76791666265,2966.946398751508
3,26.615695,87.83535,9766.845300049144,2959.5302531189486
3,26.495622,87.30631,9708.018736057104,2946.1787446919566
3,27.329873,86.789644,9650.568098087368,3038.943223440106
3,26.617262,86.701389,9640.754589836351,2959.7044955690008
3,26.969507,88.049814,9790.69260879704,2998.8723525049136
3,27.300813,87.317484,9709.26122816743,3035.711898871816
3,27.111323,86.957402,9669.221936591406,3014.641572221938
3,26.676434,87.962217,9780.952266807755,2966.2841217684127
3,26.597074,87.167753,9692.611900606014,2957.4596923899003
3,26.841428,86.214452,9586.60966584083,2984.630617495205
3,27.098356,86.96679,9670.265834562744,3013.199707608138
3,26.812002,87.255341,9702.35124184096,2981.358595583762
3,26.542321,86.7571,9646.949370394646,2951.371436571331
3,26.542321,86.7571,9646.949370394646,2951.371436571331
3,26.540573,86.748619,9646.006326221775,2951.177067839556
3,27.527493,86.587979,9628.143973205591,3060.917564843604
3,26.567766,86.861337,9658.539995963296,2954.200791479802
3,27.20364,87.815672,9764.65720628263,3024.906754264984
3,28.51686,81.778256,9093.327177039946,3170.9301558331517
3,26.663721,87.27362,9704.383773905092,2964.87050066598
3,27.152471,84.968572,9448.074130632907,3019.217021063508
3,28.056065,81.628017,9076.621362455797,3119.692089609972
3,26.627552,87.182171,9694.215109058376,2960.8486913641736
3,26.627103,87.182658,9694.269260987652,2960.79876484211
3,26.778166,86.365363,9603.390203415687,2977.5962040458166
3,26.540192,86.590034,9628.372478779847,2951.134702572505
3,28.127792,82.295008,9150.787377773377,3127.667768113406
3,27.231718,86.822034,9654.169701761386,3028.0288854153096
3,26.716667,86.483333,9616.507868911944,2970.757827252103
3,26.716667,86.483333,9616.507868911944,2970.757827252103
3,28.277215,83.582313,9293.929162817549,3144.282847637416
3,26.656031,86.208847,9585.986418276989,2964.015411680083
3,26.800085,86.350063,9601.688921038023,2980.0334856429386
3,28.596338,81.61781,9075.486395839533,3179.7677062130074
3,28.51686,81.778256,9093.327177039946,3170.9301558331517
3,26.627552,87.182171,9694.215109058376,2960.8486913641736
3,27.717402,85.160235,9469.386083858382,3082.0344821677454
3,27.616545,85.550426,9512.77334348075,3070.819695451155
3,27.987161,84.06789,9347.922861712834,3112.030314384456
3,28.86515,82.171363,9137.038681068409,3209.6582368341847
3,28.516806,81.779787,9093.497416472635,3170.924151307112
3,27.901212,85.32011,9487.163372755682,3102.473221634282
3,28.864915,82.172033,9137.11318166926,3209.632106026423
3,27.627094,85.085676,9461.095501322694,3071.992690732329
3,29.278779,82.196099,9139.789198773888,3255.6516831472463
3,27.554188,85.645857,9523.384786525368,3063.8859134103805
3,28.434277,81.745798,9089.718012110916,3161.747345206064
3,27.708754,85.329496,9488.207048337168,3081.0728684421238
3,28.434293,81.745885,9089.727686069537,3161.74912432489
3,27.511792,85.038037,9455.798286212272,3059.1716933003577
3,27.554636,85.023346,9454.164721544936,3063.935728737517
3,27.511667,85.939167,9555.999370459482,3059.1577939345275
3,27.668969,85.319822,9487.13134861681,3076.6489782855697
3,27.549842,85.333524,9488.654941501693,3063.4026602591834
3,28.709444,82.163611,9136.17669799706,3192.3445195860672
3,28.233783,81.332101,9043.71700454284,3139.453429583389
3,27.724668,84.592162,9406.219248294628,3082.842424504745
3,27.554636,85.023346,9454.164721544936,3063.935728737517
3,27.619714,84.511328,9397.230917594245,3071.1720721736915
3,27.738815,85.101248,9462.8270287204,3084.415499131985
3,27.668969,85.319822,9487.13134861681,3076.6489782855697
3,27.640472,83.977916,9337.918209382917,3073.4802564609795
3,28.002299,84.620011,9409.315915806754,3113.7135831840005
3,28.476394,84.689749,9417.070427601093,3166.4305419315524
3,27.704608,84.41364,9386.36850760019,3080.611854276255
3,27.944705,84.22788,9365.712938026696,3107.3094225788336
3,27.943959,84.409978,9385.961311778816,3107.226471163557
3,28.223461,83.418649,9275.730556343193,3138.3056755505645
3,28.266059,83.600279,9295.926890869643,3143.0423570357693
3,27.563648,84.092591,9350.66948759588,3064.937817416438
3,27.951203,85.684578,9527.69036527997,3108.03196721217
3,27.951203,85.684578,9527.69036527997,3108.03196721217
3,27.708754,85.329496,9488.207048337168,3081.0728684421238
3,27.708754,85.329496,9488.207048337168,3081.0728684421238
3,27.590821,85.084664,9460.982972056929,3067.9593171581505
3,27.708754,85.329496,9488.207048337168,3081.0728684421238
3,27.708754,85.329498,9488.207270727022,3081.0728684421238
3,27.624598,85.077236,9460.157016141811,3071.715148195424
3,27.708754,85.329498,9488.207270727022,3081.0728684421238
3,27.708754,85.329498,9488.207270727022,3081.0728684421238
3,27.648273,85.091365,9461.728089260372,3074.347688083734
3,27.614848,84.570591,9403.820662531978,3070.6309976606394
3,27.668969,85.319822,9487.13134861681,3076.6489782855697
3,27.708754,85.329496,9488.207048337168,3081.0728684421238
3,28.215277,85.081423,9460.622589299674,3137.3956562709054
3,27.988744,82.301773,9151.539611452125,3112.2063359533336
3,27.162138,84.864772,9436.532097247202,3020.291942419381
3,28.907778,81.805833,9096.393599532024,3214.398254167189
3,26.885702,85.635779,9522.264164054644,2989.553661677466
3,28.845945,81.708371,9085.556319591393,3207.522738267976
3,28.6,81.633333,9077.212474685835,3180.17490203438
3,27.096017,84.951813,9446.210614857271,3012.9396226747167
3,27.959936,85.189827,9472.676564127649,3109.003032506557
3,26.922389,85.586935,9516.832959057616,2993.6330699512746
3,27.66897,85.319824,9487.13157100666,3076.6490894804965
3,27.626962,84.500847,9396.06548356808,3071.978013002012
3,27.590259,84.360306,9380.438037382528,3067.8968256093767
3,27.708754,85.329496,9488.207048337168,3081.0728684421238
3,27.708754,85.329496,9488.207048337168,3081.0728684421238
3,26.610109,85.850096,9546.095127148325,2958.909118258712
3,28.215277,85.081423,9460.622589299674,3137.3956562709054
4,27.708754,85.329498,9488.207270727022,3081.0728684421238
5,27.662504,84.450914,9390.51318729594,3075.9301030848123
5,27.649332,85.305866,9485.579512220556,3074.4654435110506
6,27.96,81.78,9093.521100992011,3109.010148981862
6,26.540563,86.748517,9645.994984339255,2951.175955890289
6,26.540301,86.748377,9645.979417049526,2951.146822819509
6,28.232395,81.33322,9043.841431665758,3139.299091025207
6,27.99036,82.301773,9151.539611452125,3112.386026954791
6,26.999966,85.467506,9503.553060163384,3002.2592387755803
6,26.6799,87.460397,9725.152428718984,2966.6695233841624
6,27.542039,85.338982,9489.26184341132,3062.535006246576
6,26.617262,86.701389,9640.754589836351,2959.7044955690008
6,27.99036,82.301773,9151.539611452125,3112.386026954791
6,28.660072,82.240353,9144.710019057617,3186.854603667772
6,28.711122,82.236589,9144.291481353725,3192.531104672976
6,26.46075,86.806948,9652.492215098026,2942.301155210008
6,27.708754,85.329498,9488.207270727022,3081.0728684421238
6,27.042434,87.109864,9686.174937497488,3006.981464920321
6,28.326153,82.703591,9196.219734486587,3149.724504957548
6,27.134061,85.065019,9458.798547722996,3017.169922463982
6,26.46075,86.806948,9652.492215098026,2942.301155210008
6,28.932032,82.900035,9218.063310656353,3217.095175918026
6,26.795856,86.296866,9595.773684525317,2979.563242298159
6,27.708754,85.329498,9488.207270727022,3081.0728684421238
6,28.263269,84.017745,9342.34699211624,3142.732123190431
6,27.65261,82.99411,9228.52397338044,3074.829940480591
6,29.039622,81.251883,9034.79716991727,3229.058638075714
6,26.795702,86.2971,9595.79970413815,2979.546118279456
6,27.555379,83.415683,9275.400752190766,3064.018346568014
6,27.330907,87.062426,9680.900072567323,3039.058198994257
6,28.683306,80.622346,8964.795849382233,3189.438106593432
6,28.056065,81.628014,9076.621028871014,3119.692089609972
6,29.506744,82.08536,9127.475583792197,3281.000234599774
6,28.056065,81.628014,9076.621028871014,3119.692089609972
6,29.200598,80.89865,8995.519452393833,3246.958352587249
6,28.160098,82.949715,9223.587474612052,3131.260031413585
6,27.740711,85.36235,9491.86024645715,3084.626324712904
6,28.276549,84.354205,9379.759637135068,3144.2087918162706
6,27.209794,87.780023,9760.693218342678,3025.5910478435544
6,26.631986,86.444901,9612.234425491142,2961.3417296689154
6,28.92773,81.645057,9078.516124005817,3216.616815343601
6,28.594129,82.609974,9185.809999038904,3179.5220766200496
6,26.779786,85.809927,9541.62853813994,2977.776339826981
6,28.976389,81.526667,9065.351756640368,3222.0274492791987
6,29.68891,80.549593,8956.706084884063,3301.2561696069065
6,27.23615,86.383331,9605.388153857635,3028.5217013301985
6,27.134065,85.065023,9458.7989925027,3017.1703672436884
6,26.91749,85.432399,9499.649339873677,2993.0883260056435
6,27.142661,86.112095,9575.228086734272,3018.1261988331253
6,26.540301,86.748377,9645.979417049526,2951.146822819509
6,26.716667,86.483333,9616.507868911944,2970.757827252103
6,26.540301,86.748377,9645.979417049526,2951.146822819509
6,26.983648,87.318597,9709.384988120786,3000.4447599625937
6,26.94233,86.151032,9579.557683593031,2995.850407983494
6,29.776669,81.251883,9034.79716991727,3311.014525174306
6,26.787237,86.488824,9617.118440254151,2978.604853225409
6,26.580015,86.833208,9655.41219387171,2955.562818136271
6,26.832602,86.347583,9601.413157619949,2983.6492110726404
6,26.73267,85.924789,9554.400609804188,2972.537279663196
6,26.832602,86.347583,9601.413157619949,2983.6492110726404
6,26.63982,87.894245,9773.394125253872,2962.2128307242488
6,27.419893,86.719804,9642.802244410512,3048.9529907366496
6,27.583602,84.499966,9395.967520837708,3067.156600982704
6,26.917741,85.30787,9485.802346853552,2993.116235932231
6,28.375189,82.546052,9178.702196937931,3155.17705938049
6,26.646384,88.155974,9802.497062209626,2962.942714222744
6,27.93793,85.45303,9501.943402405275,3106.556076950817
6,27.04869,85.313622,9486.441940071612,3007.6771003814097
6,27.7424,86.730332,9643.972904598226,3084.8141329440064
6,28.84975,82.145137,9134.122482922228,3207.9458349638585
6,27.04869,85.313622,9486.441940071612,3007.6771003814097
6,26.883231,85.300222,9484.951928054576,2989.278899013728
6,26.874859,85.806245,9541.219118420036,2988.347975087859
6,26.886545,85.495654,9506.682974958574,2989.6473990006275
6,26.916768,85.516667,9509.019513952157,2993.008043268606
6,26.900321,87.474051,9726.67068424739,2991.179220310083
6,26.531484,86.6781,9638.164971189726,2950.166417151284
6,27.04869,85.313622,9486.441940071612,3007.6771003814097
6,27.416491,85.033562,9455.300688915537,3048.5747055962047
6,26.453406,87.278482,9704.92440363844,2941.4845396687297
6,26.540301,86.748377,9645.979417049526,2951.146822819509
6,26.73267,85.924789,9554.400609804188,2972.537279663196
6,27.053166,84.771771,9426.190857874331,3008.1748088730706
6,26.73267,85.924789,9554.400609804188,2972.537279663196
6,27.416491,85.033562,9455.300688915537,3048.5747055962047
6,27.747783,85.323427,9487.532206327362,3085.412695234133
6,27.747783,85.323427,9487.532206327362,3085.412695234133
6,27.437925,84.99355,9450.851557510634,3050.958057653904
6,26.540301,86.748377,9645.979417049526,2951.146822819509
6,29.09261,80.482487,8949.244238136653,3234.950634848756
6,26.569942,86.679965,9638.372349727915,2954.44275164018
6,27.529131,84.354205,9379.759637135068,3061.099702133448
6,27.708754,85.329498,9488.207270727022,3081.0728684421238
6,27.20364,87.815672,9764.65720628263,3024.906754264984
6,27.959441,84.895897,9439.993039339017,3108.947991017868
6,27.708754,85.329498,9488.207270727022,3081.0728684421238
6,27.20364,87.815672,9764.65720628263,3024.906754264984
6,27.20364,87.815672,9764.65720628263,3024.906754264984
6,27.458241,87.698314,9751.607592081478,3053.217093783615
6,27.258751,87.809553,9763.976804526492,3031.034817867292
6,27.059986,84.920036,9442.677173673286,3008.933158272786
6,26.899778,85.883249,9549.781572551374,2991.118841464915
6,26.876623,85.809504,9541.58150268597,2988.54412293846
6,26.876623,85.809504,9541.58150268597,2988.54412293846
6,26.67621,87.464251,9725.580973966276,2966.2592141048444
6,27.173588,84.856793,9435.644872927503,3021.565124329461
6,27.914992,85.164787,9469.89224316447,3104.0054877234443
6,27.571291,85.699058,9529.300467817784,3065.7876802407823
6,26.799742,88.050084,9790.722631427234,2979.9953457831
6,26.716667,86.483333,9616.507868911944,2970.757827252103
6,26.716667,86.483333,9616.507868911944,2970.757827252103
6,27.938135,85.102107,9462.92254516239,3106.578871910779
6,26.876623,85.809504,9541.58150268597,2988.54412293846
6,27.04869,85.313622,9486.441940071612,3007.6771003814097
6,26.549993,86.816785,9653.586039591426,2952.224524048548
6,26.62021,86.430106,9610.589296551434,2960.032298212749
6,26.866741,85.566593,9514.571031859812,2987.445294673359
6,26.835266,86.269808,9592.764972200166,2983.945434357221
6,28.570833,80.795,8983.994098247123,3176.931679608938
7,28.730134,80.926165,8998.578980800456,3194.645142618343
7,27.708754,85.329498,9488.207270727022,3081.0728684421238
7,27.708754,85.329496,9488.207048337168,3081.0728684421238
7,29.209118,81.73642,9088.675226088842,3247.90573336226
7,27.708754,85.329498,9488.207270727022,3081.0728684421238
7,27.695556,84.425556,9387.693506346086,3079.6053178002685
7,27.04477,84.867372,9436.821204056478,3007.241216268963
7,26.845976,87.461035,9725.223371082184,2985.1363320215846
7,28.263269,84.017745,9342.34699211624,3142.732123190431
7,27.361014,86.377775,9604.7703548452,3042.405944650745
